"$charge","Очки, необходимые для активации ультимативных способностей. Накапливаются за успешные действия, такие как нанесение урона и убийство.","Its tooltip","Variable"
"$charge_Name","Заряда","Translation for type $charge","Code"
"$energetic","Наносит полный урон независимо от места попадания. Не может повредить отдельные части тела или уязвимые точки противника.","Its tooltip","Variable"
"$energetic_Name","Энергетическое","Translation for type $energetic","Code"
"$piercing","Снаряд пробивает врагов, препятствия и щиты, нанося полный урон всем целям на своем пути.","Its tooltip","Variable"
"$piercing_Name","Пробивной","Translation for type $piercing","Code"
"{ammo}","other{}","its formula field for {ammo} word","Variable"
"{bullets}","_1|=11|{ выстрел} _[2-4]|=[12-14]{ выстрела} other{ выстрелов}","its formula field for {bullets} word","Variable"
"{charge}","_1|=11|{ заряд} _[2-4]|=[12-14]{ заряда} other{ зарядов}","its formula field for {charge} word","Variable"
"{cold}","other{}","its formula field for {cold} word","Variable"
"{count}","other{}","its formula field for {count} word","Variable"
"{distance}","_1|=11|{ метр} _[2-4]|=[12-14]{ метра} other{ метров}","its formula field for {distance} word","Variable"
"{electr}","other{}","its formula field for {electr} word","Variable"
"{fire}","other{}","its formula field for {fire} word","Variable"
"{hot}","other{}","its formula field for {hot} word","Variable"
"{hp}","other{}","its formula field for {hp} word","Variable"
"{ice}","other{}","its formula field for {ice} word","Variable"
"{level}","_1|=11|{ уровень} _[2-4]|=[12-14]{ уровня} other{ уровней}","its formula field for {level} word","Variable"
"{mob}","other{}","its formula field for {mob} word","Variable"
"{percent}","other{%}","its formula field for {percent} word","Variable"
"{phys}","other{}","its formula field for {phys} word","Variable"
"{second}","_1|=11|{ секунда} _[2-4]|=[12-14]{ секунды} other{ секунд}","its formula field for {second} word","Variable"
"{stun}","_1|=11|{ секунда} _[2-4]|=[12-14]{ секунды} other{ секунд}","its formula field for {stun} word","Variable"
"{var}","other{}","its formula field for {var} word","Variable"
"accept","Принять","OK","PrefabAndScene"
"ads_failed","Не удалось показать рекламу, попробуйте позже.","Empty","Code"
"ar_problem_dont_move","НЕ ДВИГАЙТЕСЬ","Empty","PrefabAndScene"
"ar_problem_look_at_objects","ОСМОТРИТЕСЬ","Empty","PrefabAndScene"
"ar_problem_too_dark","СЛИШКОМ ТЕМНО, НАЙДИТЕ СВЕТЛОЕ МЕСТО","Empty","PrefabAndScene"
"armorconfig_description","Без этого защитного костюма перемещения с помощью печатей было бы невозможно.","From confluence or google tables, modify Ru there","Config"
"armorconfig_group_name","Броня","From confluence or google tables, modify Ru there","Config"
"armorconfig_name","Броня","From confluence or google tables, modify Ru there","Config"
"armorconfig_parameter_0","Здоровье","From confluence or google tables, modify Ru there","Config"
"ArmorModificator_AdditionalHp_Description","Один раз в начале боя рифтер получает дополнительно {hp}","From confluence or google tables, modify Ru there","Config"
"ArmorModificator_AdditionalHp_Name","Голографический Проектор","From confluence or google tables, modify Ru there","Config"
"ArmorModificator_AdditionalHp_Rune_1","Дополнительное здоровье увеличено до {hp}","From confluence or google tables, modify Ru there","Config"
"ArmorModificator_AdditionalHp_Rune_2","Дополнительные очки здоровья восстанавливаются со скоростью {hp} в секунду.","From confluence or google tables, modify Ru there","Config"
"ArmorModificator_AdditionalHp_Rune_3","Пока есть дополнительные очки здоровья, рифтер не может потерять своё основное здоровье.","From confluence or google tables, modify Ru there","Config"
"ArmorModificator_BasiliskSkin_Description","Весь входящий урон уменьшается на {count}","From confluence or google tables, modify Ru there","Config"
"ArmorModificator_BasiliskSkin_Name","Чешуя Василиска","From confluence or google tables, modify Ru there","Config"
"ArmorModificator_BasiliskSkin_Rune_1","Входящий урон уменьшен на {count}","From confluence or google tables, modify Ru there","Config"
"ArmorModificator_BasiliskSkin_Rune_2","Весь входящий урон дополнительно уменьшен на {var}%.","From confluence or google tables, modify Ru there","Config"
"ArmorModificator_BasiliskSkin_Rune_3","При получении урона, на ближайшие {second} поглощение урона удваивается.","From confluence or google tables, modify Ru there","Config"
"ArmorModificator_EnergyShield_Description","Броня снабжена двумя энергощитами. Каждый раз, когда рифтер получает урон, щит поглощает {count} урона и уходит на перезарядку на {second}.","From confluence or google tables, modify Ru there","Config"
"ArmorModificator_EnergyShield_Name","Энергетический Щит","From confluence or google tables, modify Ru there","Config"
"ArmorModificator_EnergyShield_Rune_1","Время восстановления щитов уменьшено до {second}.","From confluence or google tables, modify Ru there","Config"
"ArmorModificator_EnergyShield_Rune_2","При восстановлении одного энергощита, восстанавливается также и второй.","From confluence or google tables, modify Ru there","Config"
"ArmorModificator_EnergyShield_Rune_3","Количество энергощитов уменьшено до одного. Пока щит активен, рифтер не может получить урон более {var}% от максимального количества очков здоровья. ","From confluence or google tables, modify Ru there","Config"
"ArmorModificator_FirstAid_Description","Когда здоровье рифтера падает ниже половины, восстанавливает {hp}
Перезарядка: {second}.","From confluence or google tables, modify Ru there","Config"
"ArmorModificator_FirstAid_Name","Ампула Первой Помощи","From confluence or google tables, modify Ru there","Config"
"ArmorModificator_FirstAid_Rune_1","Уменьшает время перезарядки до {second}.","From confluence or google tables, modify Ru there","Config"
"ArmorModificator_FirstAid_Rune_2","После срабатывания ампулы, весь входящий урон по рифтеру уменьшается на {var}% на {second}.","From confluence or google tables, modify Ru there","Config"
"ArmorModificator_FirstAid_Rune_3","Восстановление увеличено до {hp}, но теперь ампула срабатывает, когда показатель здоровья опускается ниже {var}%.","From confluence or google tables, modify Ru there","Config"
"ArmorModificator_MeleeArmor_Description","Урон в ближнем бою уменьшается на {count}","From confluence or google tables, modify Ru there","Config"
"ArmorModificator_MeleeArmor_Name","Наручи Гладиатора","From confluence or google tables, modify Ru there","Config"
"ArmorModificator_MeleeArmor_Rune_1","Весь урон в ближнем бою уменьшается на {count}","From confluence or google tables, modify Ru there","Config"
"ArmorModificator_MeleeArmor_Rune_2","Если рифтер один раз получил урон в ближнем бою от конкретного противника, то на весь оставшийся бой поглощение от атак этого противника удваивается.","From confluence or google tables, modify Ru there","Config"
"ArmorModificator_MeleeArmor_Rune_3","Если рифтер не получал урона в течение {second}, то поглощение урона удваивается.","From confluence or google tables, modify Ru there","Config"
"ArmorModificator_RangeArmor_Description","Дистанционный урон уменьшается на {count}","From confluence or google tables, modify Ru there","Config"
"ArmorModificator_RangeArmor_Name","Наплечники Музы","From confluence or google tables, modify Ru there","Config"
"ArmorModificator_RangeArmor_Rune_1","Весь дистанционный урон уменьшается на {count}","From confluence or google tables, modify Ru there","Config"
"ArmorModificator_RangeArmor_Rune_2","Если противник нанёс дистанционный урон с расстояния менее {distance}, то сила поглощения удваивается.","From confluence or google tables, modify Ru there","Config"
"ArmorModificator_RangeArmor_Rune_3","Если рифтер не получал урона в течение {second}, то поглощение урона удваивается.","From confluence or google tables, modify Ru there","Config"
"ArmorModificator_Regen_Description","Регенерация {hp} в секунду.","From confluence or google tables, modify Ru there","Config"
"ArmorModificator_Regen_Name","Изнанка из Теневого Меха","From confluence or google tables, modify Ru there","Config"
"ArmorModificator_Regen_Rune_1","Регенерация усилена до {hp} в секунду.","From confluence or google tables, modify Ru there","Config"
"ArmorModificator_Regen_Rune_2","Когда здоровье рифтера падает ниже {var}%, регенерация увеличивается до {hp} в секунду.","From confluence or google tables, modify Ru there","Config"
"ArmorModificator_Regen_Rune_3","Регенерация усилена до {hp}, но прерывается на {second} после получения урона.","From confluence or google tables, modify Ru there","Config"
"ArmorModificator_Vampire_Description","При убийстве противника рифтер восстанавливает {hp}","From confluence or google tables, modify Ru there","Config"
"ArmorModificator_Vampire_Name","Ловец Снов","From confluence or google tables, modify Ru there","Config"
"ArmorModificator_Vampire_Rune_1","Сила восстановления увеличена до {hp}","From confluence or google tables, modify Ru there","Config"
"ArmorModificator_Vampire_Rune_2","При убийстве большого ксура рифтер восстанавливает себе {hp}","From confluence or google tables, modify Ru there","Config"
"ArmorModificator_Vampire_Rune_3","Если два противника были убиты с промежутком менее, чем {second}, то за второе убийство рифтер дополнительно восстанавливает себе {hp}","From confluence or google tables, modify Ru there","Config"
"BarrageAbility_Description","Череда выстрелов поражает по одной уязвимой точке у каждого видимого противника.","From confluence or google tables, modify Ru there","Config"
"BarrageAbility_Details","/Необходимое оружие: Револьвер
Урон по уязвимым точкам: {var}%
Тип заклинания: усиление","From confluence or google tables, modify Ru there","Config"
"BarrageAbility_Name","Залп","From confluence or google tables, modify Ru there","Config"
"battle_countdown_ended_fight","БОЙ!","Empty","PrefabAndScene"
"battle_result_experience","ОПЫТ:  ","Empty","Code"
"battle_result_lvl","УРОВЕНЬ:  ","Empty","Code"
"BoltsOfPainAbility_Description","Заряжает в арбалет 2 болта боли. При попадании, болты отмечают противников и создают между собой связь. Весь урон, или изменение температуры, полученные одним помеченным врагом полностью передаются второму.","From confluence or google tables, modify Ru there","Config"
"BoltsOfPainAbility_Details","/Необходимое оружие: Арбалет
Длительность связи: {second}
/Тип заклинания: усиление","From confluence or google tables, modify Ru there","Config"
"BoltsOfPainAbility_Name","Болты Боли","From confluence or google tables, modify Ru there","Config"
"Bundle_Loading_Permission_Message","Для начала игры необходимо загрузить дополнительно ~135 Mb данных.","Empty","PrefabAndScene"
"Bundle_Loading_Permission_Title","Пожалуйста, подтвердите загрузку дополнительных данных","Empty","PrefabAndScene"
"camera_warning","Включи камеру и ИГРАЙ!","Пожалуйста, разрешите приложению доступ к камере телефона.","PrefabAndScene"
"cancel","ОТМЕНА","Empty","PrefabAndScene"
"common_cancel","Нет","Empty","PrefabAndScene"
"common_confirm","OK","Empty","Code"
"common_ok","Да","Empty","Code"
"confirm_buy_missing_res_for_hard","Купить недостающие ресурсы за кристаллы?","Empty","Code"
"confirm_hard_currency","Потратить кристаллы на {0}?","Empty","PrefabAndScene"
"confirm_hard_currency_caption","ЗАПЛАТИТЬ КРИСТАЛЛАМИ","SPEND CRYSTALS","PrefabAndScene"
"confirm_hard_vague","Потратить кристаллы?","Empty","Code"
"Craft_Actions_Add2CraftSteps","Временная Аномалия","From confluence or google tables, modify Ru there","Config"
"Craft_Actions_Add2CraftSteps_Description","Даёт один дополнительный шаг при сборке предмета и позволяет заново пройти процесс создания предмета.

Не тратит шаг сборки предмета.","From confluence or google tables, modify Ru there","Config"
"Craft_Actions_AddCraftStep","Пространственная Аномалия","From confluence or google tables, modify Ru there","Config"
"Craft_Actions_AddCraftStep_Description","Позволяет заново пройти процесс создания предмета.

Не тратит шаг сборки предмета.","From confluence or google tables, modify Ru there","Config"
"Craft_Actions_MoveDiceToMain","Малая Жертва","From confluence or google tables, modify Ru there","Config"
"Craft_Actions_MoveDiceToMain_Description","Отними одну любую призму и добавь её на основную линию.","From confluence or google tables, modify Ru there","Config"
"Craft_Actions_MoveDiceToMainAndClone","Жертва","From confluence or google tables, modify Ru there","Config"
"Craft_Actions_MoveDiceToMainAndClone_Description","Отними одну любую призму и добавь две таких же на основную линию.","From confluence or google tables, modify Ru there","Config"
"Craft_Actions_RerollEquipmentPlus2Lvl","Древнее Колдовство","From confluence or google tables, modify Ru there","Config"
"Craft_Actions_RerollEquipmentPlus2Lvl_Description","Меняет тип предмета и модификаторы на случайные, +{0} к силе предмета и модификаторов.","From confluence or google tables, modify Ru there","Config"
"Craft_Actions_RerollEquipmentPlus3Lvl","Древнее Колдовство Гномов","From confluence or google tables, modify Ru there","Config"
"Craft_Actions_RerollEquipmentPlus3Lvl_Description","Меняет тип предмета и модификаторы на случайные, +{0} к силе предмета и модификаторов.","From confluence or google tables, modify Ru there","Config"
"Craft_Actions_RerollEquipmentPlus4Lvl","Древнее Колдовство Драконов","From confluence or google tables, modify Ru there","Config"
"Craft_Actions_RerollEquipmentPlus4Lvl_Description","Меняет тип предмета и модификаторы на случайные, +{0} к силе предмета и модификаторов.","From confluence or google tables, modify Ru there","Config"
"Craft_Actions_RerollModifierPlus2Lvl","Малая Мутация","From confluence or google tables, modify Ru there","Config"
"Craft_Actions_RerollModifierPlus2Lvl_Description","Меняет модификатор на другой случайный, +{0} к силе модификатора.","From confluence or google tables, modify Ru there","Config"
"Craft_Actions_RerollModifierPlus4Lvl","Мутация","From confluence or google tables, modify Ru there","Config"
"Craft_Actions_RerollModifierPlus4Lvl_Description","Меняет модификатор на другой случайный, +{0} к силе модификатора.","From confluence or google tables, modify Ru there","Config"
"Craft_Actions_RerollModifierPlus6Lvl","Большая Мутация","From confluence or google tables, modify Ru there","Config"
"Craft_Actions_RerollModifierPlus6Lvl_Description","Меняет модификатор на другой случайный, +{0} к силе модификатора.","From confluence or google tables, modify Ru there","Config"
"Craft_Actions_TurnDicesToOneType","Жатва","From confluence or google tables, modify Ru there","Config"
"Craft_Actions_TurnDicesToOneType_Description","Выбери любую призму на линии и преврати остальные призмы в неё.","From confluence or google tables, modify Ru there","Config"
"craft_cancel_confirmation_text","Вы уверены, что хотите отменить создание предмета?
Все потраченные ресурсы будут потеряны.","From confluence or google tables, modify Ru there","Config"
"craft_change_recipe","СМЕНИТЬ ЧЕРТЁЖ","Empty","PrefabAndScene"
"craft_common_recipes","Обычные Чертежи","Empty","Code"
"craft_confirm_fast_roll","Бросить призмы автоматически?","Empty","Code"
"Craft_Dice_Power_Description","одна единица на кубе добавляет {0} силы","shown on dice hoover","Code"
"Craft_Dices_DoublePrism","Сдвоенная Призма","From confluence or google tables, modify Ru there","Config"
"Craft_Dices_Only0And5Prism","Око Бездны","From confluence or google tables, modify Ru there","Config"
"Craft_Dices_Only1Prism","Треснувшая Призма","From confluence or google tables, modify Ru there","Config"
"Craft_Dices_Only3Prism","Компас Мертвеца","From confluence or google tables, modify Ru there","Config"
"Craft_Dices_Only4Prism","Длань Бога","From confluence or google tables, modify Ru there","Config"
"Craft_Dices_Prism0To5","Призма Немны","From confluence or google tables, modify Ru there","Config"
"Craft_Dices_StandardPrism","Стандартная Призма","From confluence or google tables, modify Ru there","Config"
"craft_finish_applying_modifier","Завершить","Empty","PrefabAndScene"
"Craft_Line_Dices_Count_Unlock_Title","доступно с {var} уровня","From confluence or google tables, modify Ru there","Config"
"Craft_Modifier_Unlock_Title","доступно с {var} уровня","From confluence or google tables, modify Ru there","Config"
"Craft_Modifiers_Add1If1","Белая Руна","From confluence or google tables, modify Ru there","Config"
"Craft_Modifiers_Add1If1_Description","Каждый раз, когда на призме выпадает 1, добавь 1 к основной линии.","From confluence or google tables, modify Ru there","Config"
"Craft_Modifiers_CopyOne","Таинственное Зеркало","From confluence or google tables, modify Ru there","Config"
"Craft_Modifiers_CopyOne_Description","Когда все призмы на линии выброшены,  рифтер может скопировать любую выпавшую призму на другую линию.","From confluence or google tables, modify Ru there","Config"
"Craft_Modifiers_CopyTwo","Зеркало Оракула","From confluence or google tables, modify Ru there","Config"
"Craft_Modifiers_CopyTwo_Description","Когда все призмы на линии выброшены,  рифтер может скопировать любую выпавшую призму на две другие линии.","From confluence or google tables, modify Ru there","Config"
"Craft_Modifiers_DoubleNextIf2","Двойная Руна","From confluence or google tables, modify Ru there","Config"
"Craft_Modifiers_DoubleNextIf2_Description","Когда на призме выпадает 2, значение следующей призмы будет удвоено.","From confluence or google tables, modify Ru there","Config"
"Craft_Modifiers_Inc1If3","Триада","From confluence or google tables, modify Ru there","Config"
"Craft_Modifiers_Inc1If3_Description","Если на призме выпадает 3, то значение следующей призмы увеличивается на 1. Эффект суммируется.","From confluence or google tables, modify Ru there","Config"
"Craft_Modifiers_IncreaseUpTo4If4","Руна Стихий","From confluence or google tables, modify Ru there","Config"
"Craft_Modifiers_IncreaseUpTo4If4_Description","Каждый раз, когда на призме выпадает 4, увеличь значение самой маленькой призмы до 4.","From confluence or google tables, modify Ru there","Config"
"Craft_Modifiers_MinSum10","Желание Короля","From confluence or google tables, modify Ru there","Config"
"Craft_Modifiers_MinSum10_Description","Если в конце сумма всех призм на линии получилась менее 10, она становится равна 10.","From confluence or google tables, modify Ru there","Config"
"Craft_Modifiers_MinSum12","Желание Бога","From confluence or google tables, modify Ru there","Config"
"Craft_Modifiers_MinSum12_Description","Если в конце сумма всех призм на линии получилась менее 12, она становится равна 12.","From confluence or google tables, modify Ru there","Config"
"Craft_Modifiers_MinSum6","Желание Бедняка","From confluence or google tables, modify Ru there","Config"
"Craft_Modifiers_MinSum6_Description","Если в конце сумма всех призм на линии получилась менее 6, она становится равна 6.","From confluence or google tables, modify Ru there","Config"
"Craft_Modifiers_MinSum8","Желание Купца","From confluence or google tables, modify Ru there","Config"
"Craft_Modifiers_MinSum8_Description","Если в конце сумма всех призм на линии получилась менее 8, она становится равна 8.","From confluence or google tables, modify Ru there","Config"
"Craft_Modifiers_Reroll0","Руна Жизни","From confluence or google tables, modify Ru there","Config"
"Craft_Modifiers_Reroll0_Description","Перебрось призму, когда на ней впервые выпал 0.","From confluence or google tables, modify Ru there","Config"
"Craft_Modifiers_RerollLine","Руна Обнуления","From confluence or google tables, modify Ru there","Config"
"Craft_Modifiers_RerollLine_Description","Возможность один раз перебросить все призмы на линии.","From confluence or google tables, modify Ru there","Config"
"Craft_Options_Craft2DoublePrismNoMod","Выковать Основу Модификатора","From confluence or google tables, modify Ru there","Config"
"Craft_Options_Craft2Only0And5PrismNoMod","Покрыть Модификатор Рунами","From confluence or google tables, modify Ru there","Config"
"Craft_Options_Craft2Only1PrismAdd1If1","Обработать Белой Плазмой","From confluence or google tables, modify Ru there","Config"
"Craft_Options_Craft2Only3PrismNoMod","Отшлифовать Механизм","From confluence or google tables, modify Ru there","Config"
"Craft_Options_Craft2Only4PrismNoMod","Ступенчатая Закалка","From confluence or google tables, modify Ru there","Config"
"Craft_Options_Craft2Prism0To5NoMod","Обработать Парами Эссенции","From confluence or google tables, modify Ru there","Config"
"Craft_Options_Craft2StandardPrismNoMod","Выплавить Заготовку","From confluence or google tables, modify Ru there","Config"
"Craft_Options_CraftAdd2CraftSteps","Оптимизировать Процесс Ковки","From confluence or google tables, modify Ru there","Config"
"Craft_Options_CraftAddCraftStep","Ускорить Процесс Ковки","From confluence or google tables, modify Ru there","Config"
"Craft_Options_CraftCopyOne","Отчеканить Таинственный Узор","From confluence or google tables, modify Ru there","Config"
"Craft_Options_CraftCopyTwo","Отчеканить Узор Оракула","From confluence or google tables, modify Ru there","Config"
"Craft_Options_CraftDefaultRandom","Изготовить на Прессе","From confluence or google tables, modify Ru there","Config"
"Craft_Options_CraftDoublePrismDoubleNextIf2","Двухтактная Ковка","From confluence or google tables, modify Ru there","Config"
"Craft_Options_CraftDoublePrismIncreaseUpTo4If4","Стихийная Ковка","From confluence or google tables, modify Ru there","Config"
"Craft_Options_CraftDoublePrismNoMod","Грубая Ковка","From confluence or google tables, modify Ru there","Config"
"Craft_Options_CraftMoveDiceToMainAndClone","Заменить Бракованную Деталь","From confluence or google tables, modify Ru there","Config"
"Craft_Options_CraftMoveDiceToMainAndCloneMinSum10","Улучшить Качество Детали","From confluence or google tables, modify Ru there","Config"
"Craft_Options_CraftMoveDiceToMainAndCloneMinSum12","Усовершенствовать Деталь","From confluence or google tables, modify Ru there","Config"
"Craft_Options_CraftMoveDiceToMainMinSum10","Покрыть Напылением Короля","From confluence or google tables, modify Ru there","Config"
"Craft_Options_CraftMoveDiceToMainMinSum12","Покрыть Напылением Бога","From confluence or google tables, modify Ru there","Config"
"Craft_Options_CraftMoveDiceToMainMinSum8","Покрыть Напылением Купца","From confluence or google tables, modify Ru there","Config"
"Craft_Options_CraftOnly0And5PrismNoMod","Покрыть Рунами","From confluence or google tables, modify Ru there","Config"
"Craft_Options_CraftOnly0And5PrismReroll0","Покрыть Рунами Жизни","From confluence or google tables, modify Ru there","Config"
"Craft_Options_CraftOnly1PrismAdd1If1","Обработать Белым Огнём","From confluence or google tables, modify Ru there","Config"
"Craft_Options_CraftOnly3PrismInc1If3","Тройная Шлифовка Деталей","From confluence or google tables, modify Ru there","Config"
"Craft_Options_CraftOnly3PrismNoMod","Отшлифовать Детали","From confluence or google tables, modify Ru there","Config"
"Craft_Options_CraftOnly4PrismIncreaseUpTo4If4","Стихийная Закалка","From confluence or google tables, modify Ru there","Config"
"Craft_Options_CraftOnly4PrismNoMod","Закалить Металл","From confluence or google tables, modify Ru there","Config"
"Craft_Options_CraftPrism0To5Add1If1","Обработать Белой Эссенцией","From confluence or google tables, modify Ru there","Config"
"Craft_Options_CraftPrism0To5DoubleNextIf2","Двойная Обработка Эссенцией","From confluence or google tables, modify Ru there","Config"
"Craft_Options_CraftPrism0To5Inc1If3","Трёхэтапная Обработка","From confluence or google tables, modify Ru there","Config"
"Craft_Options_CraftPrism0To5IncreaseUpTo4If4","Залить Стихийную Эссенцию","From confluence or google tables, modify Ru there","Config"
"Craft_Options_CraftPrism0To5NoMod","Залить Эссенцию","From confluence or google tables, modify Ru there","Config"
"Craft_Options_CraftPrism0To5Reroll0","Залить Эссенцию Жизни","From confluence or google tables, modify Ru there","Config"
"Craft_Options_CraftPrism0To5RerollAll","Пересобрать Механизм","From confluence or google tables, modify Ru there","Config"
"Craft_Options_CraftRerollAll","Пересобрать Предмет","From confluence or google tables, modify Ru there","Config"
"Craft_Options_CraftRerollEquipmentPlus2Lvl","Пространственный Сдвиг","From confluence or google tables, modify Ru there","Config"
"Craft_Options_CraftRerollEquipmentPlus3Lvl","Временной Сдвиг","From confluence or google tables, modify Ru there","Config"
"Craft_Options_CraftRerollEquipmentPlus4Lvl","Сдвиг Реальности","From confluence or google tables, modify Ru there","Config"
"Craft_Options_CraftRerollModifierPlus2Lvl","Мутация Детали","From confluence or google tables, modify Ru there","Config"
"Craft_Options_CraftRerollModifierPlus4Lvl","Мутация Механизма","From confluence or google tables, modify Ru there","Config"
"Craft_Options_CraftRerollModifierPlus6Lvl","Мутация Модификатора","From confluence or google tables, modify Ru there","Config"
"Craft_Options_CraftStandardPrismAdd1If1","Залить Белое Железо","From confluence or google tables, modify Ru there","Config"
"Craft_Options_CraftStandardPrismDoubleNextIf2","Залить Двойное Железо","From confluence or google tables, modify Ru there","Config"
"Craft_Options_CraftStandardPrismInc1If3","Залить Тройной Сплав","From confluence or google tables, modify Ru there","Config"
"Craft_Options_CraftStandardPrismIncreaseUpTo4If4","Залить Стихийный Сплав","From confluence or google tables, modify Ru there","Config"
"Craft_Options_CraftStandardPrismNoMod","Залить Железо","From confluence or google tables, modify Ru there","Config"
"Craft_Options_CraftTurnDicesToOneType","Прочесть Заклинание Жатвы","From confluence or google tables, modify Ru there","Config"
"Craft_Recipes_armor_common","Обычная Надёжная Броня","From confluence or google tables, modify Ru there","Config"
"Craft_Recipes_armor_common1","Обычная Усовершенствованная Броня","From confluence or google tables, modify Ru there","Config"
"Craft_Recipes_armor_default","Броня","From confluence or google tables, modify Ru there","Config"
"Craft_Recipes_armor_rare","Редкая Надёжная Броня","From confluence or google tables, modify Ru there","Config"
"Craft_Recipes_armor_rare1","Редкая Усовершенствованная Броня","From confluence or google tables, modify Ru there","Config"
"Craft_Recipes_armor_rare2","Редкая Облегчённая Броня","From confluence or google tables, modify Ru there","Config"
"Craft_Recipes_armor_rare3","Редкая Сбалансированная Броня","From confluence or google tables, modify Ru there","Config"
"Craft_Recipes_armor_uncommon","Необычная Надёжная Броня","From confluence or google tables, modify Ru there","Config"
"Craft_Recipes_armor_uncommon1","Необычная Усовершенствованная Броня","From confluence or google tables, modify Ru there","Config"
"Craft_Recipes_armor_uncommon2","Необычная Облегчённая Броня","From confluence or google tables, modify Ru there","Config"
"Craft_Recipes_armor_uncommon3","Необычная Сбалансированная Броня","From confluence or google tables, modify Ru there","Config"
"Craft_Recipes_goggles_default","Визоры","From confluence or google tables, modify Ru there","Config"
"Craft_Recipes_h_crossbow__common","Обычный Надёжный Арбалет","From confluence or google tables, modify Ru there","Config"
"Craft_Recipes_h_crossbow__common1","Обычный Усовершенствованный Арбалет","From confluence or google tables, modify Ru there","Config"
"Craft_Recipes_h_crossbow__default","Арбалет","From confluence or google tables, modify Ru there","Config"
"Craft_Recipes_h_crossbow__rare","Редкий Надёжный Арбалет","From confluence or google tables, modify Ru there","Config"
"Craft_Recipes_h_crossbow__rare1","Редкий Усовершенствованный Арбалет","From confluence or google tables, modify Ru there","Config"
"Craft_Recipes_h_crossbow__rare2","Редкий Облегчённый Арбалет","From confluence or google tables, modify Ru there","Config"
"Craft_Recipes_h_crossbow__rare3","Редкий Сбалансированный Арбалет","From confluence or google tables, modify Ru there","Config"
"Craft_Recipes_h_crossbow__uncommon","Необычный Надёжный Арбалет","From confluence or google tables, modify Ru there","Config"
"Craft_Recipes_h_crossbow__uncommon1","Необычный Усовершенствованный Арбалет","From confluence or google tables, modify Ru there","Config"
"Craft_Recipes_h_crossbow__uncommon2","Необычный Облегчённый Арбалет","From confluence or google tables, modify Ru there","Config"
"Craft_Recipes_h_crossbow__uncommon3","Необычный Сбалансированный Арбалет","From confluence or google tables, modify Ru there","Config"
"Craft_Recipes_l_crossbow__default","Лёгкий Арбалет","From confluence or google tables, modify Ru there","Config"
"Craft_Recipes_magic_glove__default","Магическая Перчатка","From confluence or google tables, modify Ru there","Config"
"Craft_Recipes_orb_default","Магическая Сфера","From confluence or google tables, modify Ru there","Config"
"Craft_Recipes_revolver_common","Обычный Надёжный Револьвер","From confluence or google tables, modify Ru there","Config"
"Craft_Recipes_revolver_common1","Обычный Усовершенствованный Револьвер","From confluence or google tables, modify Ru there","Config"
"Craft_Recipes_revolver_default","Револьвер","From confluence or google tables, modify Ru there","Config"
"Craft_Recipes_revolver_rare","Редкий Надёжный Револьвер","From confluence or google tables, modify Ru there","Config"
"Craft_Recipes_revolver_rare1","Редкий Усовершенствованный Револьвер","From confluence or google tables, modify Ru there","Config"
"Craft_Recipes_revolver_rare2","Редкий Облегчённый Револьвер","From confluence or google tables, modify Ru there","Config"
"Craft_Recipes_revolver_rare3","Редкий Сбалансированный Револьвер","From confluence or google tables, modify Ru there","Config"
"Craft_Recipes_revolver_uncommon","Необычный Надёжный Револьвер","From confluence or google tables, modify Ru there","Config"
"Craft_Recipes_revolver_uncommon1","Необычный Усовершенствованный Револьвер","From confluence or google tables, modify Ru there","Config"
"Craft_Recipes_revolver_uncommon2","Необычный Облегчённый Револьвер","From confluence or google tables, modify Ru there","Config"
"Craft_Recipes_revolver_uncommon3","Необычный Сбалансированный Револьвер","From confluence or google tables, modify Ru there","Config"
"Craft_Recipes_staff_default","Магический Посох","From confluence or google tables, modify Ru there","Config"
"Craft_Recipes_waist_default","Пояс","From confluence or google tables, modify Ru there","Config"
"craft_reroll","ПЕРЕБРОСИТЬ","Empty","PrefabAndScene"
"craft_select_option","ВЗЯТЬ","buy craft option","Code"
"craft_start","НАЧАТЬ СБОРКУ","Empty","PrefabAndScene"
"craft_step_number_caption","ШАГ:","Empty","PrefabAndScene"
"craft_swipe","БРОСЬТЕ","Empty","PrefabAndScene"
"craft_unique_recipes","Уникальные рецепты","Empty","Code"
"craft_vs","VS","Empty","PrefabAndScene"
"defeat","ПОРАЖЕНИЕ","ПОРАЖЕНИЕ","PrefabAndScene"
"equipment_description_damage","УРОН","DAMAGE","Code"
"equipment_description_damage_weakpoint","УРОН ПО УЯЗВИМОСТЯМ","WEAKPOINT DAMAGE","Code"
"equipment_description_hp","ЗДОРОВЬЕ","HEALTH","Code"
"eual_window_title","Пожалуйста, Примите EULA","Empty","PrefabAndScene"
"eula_window_i_accept_eula","Я Принимаю Пользовательское Соглашение:","Empty","PrefabAndScene"
"eula_window_i_accept_privacy","Я Принимаю Политику Конфиденциальности:","Empty","PrefabAndScene"
"eula_window_play_button","Играть!","Empty","PrefabAndScene"
"FastHandsAbility_Description","Рифтер быстро выстреливает всю оставшуюся обойму в противника. Каждый особый патрон в обойме уменьшает перезарядку и генерирует больше $charge.","From confluence or google tables, modify Ru there","Config"
"FastHandsAbility_Details","/Необходимое оружие: Револьвер
Скорость стрельбы: {bullets} в секунду
Перезарядка за особый патрон: -{second}
$charge за особый патрон: {var}%
/Тип заклинания: усиление","From confluence or google tables, modify Ru there","Config"
"FastHandsAbility_Name","Быстрые Руки","From confluence or google tables, modify Ru there","Config"
"FireBoltAbility_Description","Огненный болт наносит урон огнём и помечает противника. Если враг погибает под действием метки, он взрывается, нанося всем окружающим врагам урон, зависящий от своего максимального здоровья.","From confluence or google tables, modify Ru there","Config"
"FireBoltAbility_Details","/Необходимое оружие: Арбалет
Урон болта: {fire}%
/Время действия метки: {second}
Урон взрыва: {var}%
Радиус взрыва: {distance}
/Тип заклинания: усиление","From confluence or google tables, modify Ru there","Config"
"FireBoltAbility_Name","Огненный Болт","From confluence or google tables, modify Ru there","Config"
"FrostBoltAbility_Description","Морозный болт наносит урон льдом и отмечает врага. Каждый раз когда в помеченного противника попадает другой болт, он получает дополнительный урон льдом и охлаждается.","From confluence or google tables, modify Ru there","Config"
"FrostBoltAbility_Details","/Необходимое оружие: Арбалет
Урон: {ice}%
/Время действия метки: {second}
Дополнительный урон по отмеченной цели: +{ice}%
Охлаждение от последующих попаданий: {cold}
/Тип заклинания: усиление","From confluence or google tables, modify Ru there","Config"
"FrostBoltAbility_Name","Морозный Болт","From confluence or google tables, modify Ru there","Config"
"GeneratedLevel_ArenaSettings_Description","Уничтожь достаточно ксуров","From confluence or google tables, modify Ru there","Config"
"GeneratedLevel_ArenaSettings_Name","Водопад","From confluence or google tables, modify Ru there","Config"
"GeneratedLevel_CampSettings_Description","Убей группу мелких ксуров","From confluence or google tables, modify Ru there","Config"
"GeneratedLevel_CampSettings_Name","Лес","From confluence or google tables, modify Ru there","Config"
"GeneratedLevel_ConvoySettings_Description","Уничтожь три волны ксуров","From confluence or google tables, modify Ru there","Config"
"GeneratedLevel_ConvoySettings_Name","Скалы","From confluence or google tables, modify Ru there","Config"
"GeneratedLevel_FortSettings_Description","Зачисти уровень от ксуров","From confluence or google tables, modify Ru there","Config"
"GeneratedLevel_FortSettings_Name","Кристаллическая Пещера","From confluence or google tables, modify Ru there","Config"
"GeneratedLevel_OutpostSettings_Description","Убей большого ксура","From confluence or google tables, modify Ru there","Config"
"GeneratedLevel_OutpostSettings_Name","Оазис","From confluence or google tables, modify Ru there","Config"
"gogglesconfig_description","Позволяют наблюдать за двумя мирами одновременно.","From confluence or google tables, modify Ru there","Config"
"gogglesconfig_group_name","Визоры","From confluence or google tables, modify Ru there","Config"
"gogglesconfig_name","Визоры","From confluence or google tables, modify Ru there","Config"
"IceShardAbility_Description","Ледяной осколок наносит урон льдом и охлаждает всех врагов на своём пути. За каждого пораженного врага время перезарядки уменьшается.","From confluence or google tables, modify Ru there","Config"
"IceShardAbility_Details","Урон: {ice}
Охлаждение: {cold}
$piercing
Уменьшение перезарядки: {second}
/Тип заклинания: точечное","From confluence or google tables, modify Ru there","Config"
"IceShardAbility_Name","Ледяной Осколок","From confluence or google tables, modify Ru there","Config"
"IGNORE_BUTTON_CAPTION","ИГНОРИРОВАТЬ","IGNORE","PrefabAndScene"
"InappIsLoading","Загрузка...","showing as title when inapp is not loaded yet","Code"
"InvisibilityUltimateAbility_Description","Рифтер становится невидимым. После окончания невидимости в течение {second} рифтер наносит двойной урон.","From confluence or google tables, modify Ru there","Config"
"InvisibilityUltimateAbility_Details","Длительность: {second}
Прерывается при нанесении урона.
Урон после выхода из невидимости: +{var}%","From confluence or google tables, modify Ru there","Config"
"InvisibilityUltimateAbility_Name","Уход в Тень","From confluence or google tables, modify Ru there","Config"
"loading_caption","ЗАГРУЗКА...","Empty","PrefabAndScene"
"lobby_connected_players","ПОДКЛЮЧИВШИЕСЯ ИГРОКИ:","Empty","PrefabAndScene"
"lobby_waiting_other_players","ВСЁ В ПОРЯДКЕ. ЖДИТЕ НАЧАЛА БИТВЫ.","Empty","PrefabAndScene"
"LuckyMagazineAbility_Description","Быстрая перезарядка особой обоймой в которой содержится 2 усиленных патрона.","From confluence or google tables, modify Ru there","Config"
"LuckyMagazineAbility_Details","/Необходимое оружие: Револьвер
Скорость перезарядки: {var}%
/Количество усиленных патронов: {var}
Урон усиленных патронов: {phys}%
/Тип заклинания: усиление","From confluence or google tables, modify Ru there","Config"
"LuckyMagazineAbility_Name","Заначка","From confluence or google tables, modify Ru there","Config"
"main_menu_title_craft","КУЗНЯ","CRAFT","PrefabAndScene"
"main_menu_title_equipment","СНАРЯЖЕНИЕ","EQUIPMENT","PrefabAndScene"
"main_menu_title_join_battle","Присоединиться к битве","Join battle","PrefabAndScene"
"main_menu_title_missions","ЗАДАНИЯ","MISSIONS","PrefabAndScene"
"main_menu_title_settings","Настройки","Settings","PrefabAndScene"
"main_menu_title_shop","Магазин","SHOP","PrefabAndScene"
"map_chest_desc","Осмотреть заброшенный лагерь врагов","Empty","Code"
"map_chest_name","Сундук","Empty","Code"
"map_confirm_reroll","ПОДТВЕРДИТЬ","CONFIRM REROLL","PrefabAndScene"
"map_current_white_seal_count","ПЕЧАТИ: <color=#00FFFF>{0}</color> / 100","Empty","Code"
"map_final_desc","Получить финальную награду и открыть новый Рифт","Empty","Code"
"map_final_name","Финальная Награда","Empty","Code"
"Map_reroll_mission","СМЕНИТЬ МИССИЮ","ПОМЕНЯТЬ МИССИЮ","PrefabAndScene"
"map_seal_apply","ПРИМЕНИТЬ","ПРИМЕНИТЬ","PrefabAndScene"
"map_seal_refill_counter","+{0} через {1} минут -","Empty","Code"
"map_seal_select_caption","ВЫБЕРИТЕ ПЕЧАТЬ","ВЫБЕРИ ПЕЧАТЬ","PrefabAndScene"
"Map_start_battle","НАЧАТЬ БОЙ","START BATTLE","PrefabAndScene"
"Map_start_coop","СОВМЕСТНЫЙ БОЙ","START CO-OP","PrefabAndScene"
"map_start_desc","Вход в Рифт","Empty","Code"
"map_start_name","Рифт","Empty","Code"
"map_take_chest","ЗАБРАТЬ СУНДУК","Empty","Code"
"map_take_final_chest","ЗАБРАТЬ ФИНАЛЬНУЮ НАГРАДУ","Empty","Code"
"map_warning_reroll","Вы уверены, что хотите сменить карту? Вы потеряете весь нынешний прогресс!

Это будет стоить:","Are you sure you want to REROLL? You will loose progress on a current map!

It costs:","PrefabAndScene"
"menu_cancel_craft","ОТМЕНИТЬ СБОРКУ","Empty","PrefabAndScene"
"menu_finish_fast","БЫСТРОЕ ЗАПОЛНЕНИЕ","Empty","PrefabAndScene"
"menu_level","Уровень:","Empty","PrefabAndScene"
"menu_level_lock","Доступно с уровня {0}","tournament lock","Code"
"menu_skills","НАВЫКИ","Empty","PrefabAndScene"
"PiercingBulletAbilityAbility_Description","Особый патрон, который наносит увеличенный урон и пробивает всех врагов.","From confluence or google tables, modify Ru there","Config"
"PiercingBulletAbilityAbility_Details","/Необходимое оружие: Револьвер.
Урон: {phys}%
$piercing
/Тип заклинания: усиление","From confluence or google tables, modify Ru there","Config"
"PiercingBulletAbilityAbility_Name","Пробивающий Патрон","From confluence or google tables, modify Ru there","Config"
"PlasmaBoltAbility_Description","Плазменный болт наносит увеличенный урон и пробивает броню противника. В месте пробоя на время создаётся дополнительная уязвимая точка.","From confluence or google tables, modify Ru there","Config"
"PlasmaBoltAbility_Details","/Необходимое оружие: Арбалет
Урон: {phys}%
Длительность: {second}
/Тип заклинания: усиление","From confluence or google tables, modify Ru there","Config"
"PlasmaBoltAbility_Name","Плазменный Болт","From confluence or google tables, modify Ru there","Config"
"PreciseStanceAbility_Description","Режим стрельбы с увеличенным уроном по уязвимым точкам и уменьшенной скоростью стрельбы.","From confluence or google tables, modify Ru there","Config"
"PreciseStanceAbility_Details","/Необходимое оружие: Револьвер
Урон по уязвимым точкам: {var}%
Скорострельность: {var}%
Длительность: до перезарядки
/Тип заклинания: усиление","From confluence or google tables, modify Ru there","Config"
"PreciseStanceAbility_Name","В Яблочко","From confluence or google tables, modify Ru there","Config"
"price_free","БЕСПЛАТНО","Empty","Code"
"price_missing_resources","НЕ ХВАТАЕТ РЕСУРСОВ","Empty","PrefabAndScene"
"price_missing_resources_compound_where_to_find","Вы можете создать {0} из {1} и {2}","Empty","Code"
"price_missing_resources_compound_where_to_find_more_then_2_res"," и еще {0}","Empty","Code"
"price_missing_resources_where_to_find_1","Вы можете добыть ","Empty","Code"
"price_missing_resources_where_to_find_2"," в бою типа ","Empty","Code"
"price_missing_resources_where_to_find_3"," используя ","Empty","Code"
"price_missing_seals","ОТСУТСТВУЕТ ПЕЧАТЬ","Empty","PrefabAndScene"
"price_missing_white_seal","Белые Печати восстанавливаются со временем","Empty","PrefabAndScene"
"quest_Charger","Перехватчиков","From confluence or google tables, modify Ru there","Config"
"quest_doneleveloftype_Arena","Зачистите Водопад","From confluence or google tables, modify Ru there","Config"
"quest_doneleveloftype_Camp","Зачистите Лес","From confluence or google tables, modify Ru there","Config"
"quest_doneleveloftype_Convoy","Зачистите Скалы","From confluence or google tables, modify Ru there","Config"
"quest_doneleveloftype_Fort","Зачистите Кристаллическую Пещеру","From confluence or google tables, modify Ru there","Config"
"quest_doneleveloftype_Outpost","Зачистите Оазис","From confluence or google tables, modify Ru there","Config"
"quest_donelevelwithseal","Зачистите уровень, используя {0} печать","From confluence or google tables, modify Ru there","Config"
"quest_killmob","Уничтожьте {0}","From confluence or google tables, modify Ru there","Config"
"quest_killmobfromfaction_Metal","Уничтожьте ксуров металла","From confluence or google tables, modify Ru there","Config"
"quest_killmobfromfaction_Nature","Уничтожьте ксуров Леса","From confluence or google tables, modify Ru there","Config"
"quest_MechScout","Разведчиков","From confluence or google tables, modify Ru there","Config"
"quest_MetalLauncher","Ракетных роботов","From confluence or google tables, modify Ru there","Config"
"quest_MetalPyramid","Пирамид","From confluence or google tables, modify Ru there","Config"
"quest_MetalSpider","Металлических Пауков","From confluence or google tables, modify Ru there","Config"
"quest_MetalSpinner","Спиннеров","From confluence or google tables, modify Ru there","Config"
"quest_NaturalGolem","Големов","From confluence or google tables, modify Ru there","Config"
"quest_NaturalMosquito","Роя","From confluence or google tables, modify Ru there","Config"
"quest_NaturalSwarm","Роя","From confluence or google tables, modify Ru there","Config"
"quest_NaturalTentacle","Скрытней","From confluence or google tables, modify Ru there","Config"
"quest_NaturalWitch","Ведьм Леса","From confluence or google tables, modify Ru there","Config"
"quest_NatureBeetle","Скарабеев","From confluence or google tables, modify Ru there","Config"
"quest_NatureMushroom","Грибницы","From confluence or google tables, modify Ru there","Config"
"quest_reroll_confirmation","Вы уверены, что хотите заменить это задание?","Empty","Code"
"quest_reroll_too_early","В следующий раз задание можно будет заменить через {0} ч. {1} мин.","Empty","Code"
"quests","Задания","Empty","PrefabAndScene"
"quests_desc","Выполняйте задания, чтобы получить награду!","Выполняйте квесты чтобы получить награду!","PrefabAndScene"
"quests_reward","НАГРАДА","Empty","PrefabAndScene"
"quests_take_reward","ЗАБРАТЬ НАГРАДУ","ЗАБРАТЬ НАГРАДУ","PrefabAndScene"
"remaining_duration","{0} ч. {1} мин. {2} сек.","Empty","Code"
"Resource_ArchmageBrush","Кисть Архимага","From confluence or google tables, modify Ru there","Config"
"Resource_ArchmageBrush_Description","Один взмах такой кисти сумел остановить нападение целого Легиона Ифритов.","From confluence or google tables, modify Ru there","Config"
"Resource_BlackFlame","Чёрное Пламя","From confluence or google tables, modify Ru there","Config"
"Resource_BlackFlame_Description","Способность Чёрного Пламени поглощать свет всегда вызывала особый интерес у магов... и воров.","From confluence or google tables, modify Ru there","Config"
"Resource_BlueEssence","Эссенция Пустоты","From confluence or google tables, modify Ru there","Config"
"Resource_BlueEssence_Description","Духа Изнанки очень тяжело поймать. А те же, кого поймали, часто предпочитают смерть рабству.","From confluence or google tables, modify Ru there","Config"
"Resource_BlueFlower","Серебристая Орхидея","From confluence or google tables, modify Ru there","Config"
"Resource_BlueFlower_Description","Караваны Ваала использовали его в виде валюты для обмена. От них же мы и узнали о настоящих свойствах этого цветка.","From confluence or google tables, modify Ru there","Config"
"Resource_BlueGem","Сапфир","From confluence or google tables, modify Ru there","Config"
"Resource_BlueGem_Description","Стеклодувы Междумирья используют сапфиры для очистки стекла, хотя его применение в кузнечестве более практично.","From confluence or google tables, modify Ru there","Config"
"Resource_BlueOre","Борнит","From confluence or google tables, modify Ru there","Config"
"Resource_BlueOre_Description","При формированни рек и озёр, духи воды иногда оставляют за собой эти наполненные эссенцией камни.","From confluence or google tables, modify Ru there","Config"
"Resource_BlueWood","Голубая Береза","From confluence or google tables, modify Ru there","Config"
"Resource_BlueWood_Description","Так называемое Дерево Ведьм. Ещё двести лет назад за его хранение, или разведение сажали в тюрьму.","From confluence or google tables, modify Ru there","Config"
"Resource_DragonBrush","Кисть Дракона","From confluence or google tables, modify Ru there","Config"
"Resource_DragonBrush_Description","Перелетая с планеты на планету, драконы всюду оставляют свои знания и артефакты.","From confluence or google tables, modify Ru there","Config"
"Resource_ElfRunicPen","Эльфийское Руническое Перо","From confluence or google tables, modify Ru there","Config"
"Resource_ElfRunicPen_Description","Самих эльфов уже не осталось. Но их наследие всё ещё можно найти в Первозданном Лесу.","From confluence or google tables, modify Ru there","Config"
"Resource_EmeraldFlame","Изумрудное Пламя","From confluence or google tables, modify Ru there","Config"
"Resource_EmeraldFlame_Description","Обладает гипнотическим эффектом для животных и насекомых. Использовать в закрытом пространстве.","From confluence or google tables, modify Ru there","Config"
"Resource_EternalFlame","Вечное Пламя","From confluence or google tables, modify Ru there","Config"
"Resource_EternalFlame_Description","На заре формирования Междумирья Вечное Пламя использовали, как бестопливный источник тепла.","From confluence or google tables, modify Ru there","Config"
"Resource_GoldenEssence","Божественная Эссенция","From confluence or google tables, modify Ru there","Config"
"Resource_GoldenEssence_Description","Смерть демиурга никогда не проходит бесследно. Его жизненная энергия способна менять даже законы реальности.","From confluence or google tables, modify Ru there","Config"
"Resource_GoldenFlower","Цветок Папоротника","From confluence or google tables, modify Ru there","Config"
"Resource_GoldenFlower_Description","Расцветает лишь во время парада планет. Этот цветок позволяет обойти алхимический закон равновесия.","From confluence or google tables, modify Ru there","Config"
"Resource_GoldenGem","Драконий Опал","From confluence or google tables, modify Ru there","Config"
"Resource_GoldenGem_Description","По легенде, каждый Драконий Опал - это бывший глаз дракона. Иссохший и впитавший магию своего носителя.","From confluence or google tables, modify Ru there","Config"
"Resource_GoldenOre","Солнечная Руда","From confluence or google tables, modify Ru there","Config"
"Resource_GoldenOre_Description","Застывший осколок из ядра звезды. Обращаться с особой осторожностью.","From confluence or google tables, modify Ru there","Config"
"Resource_GoldenWood","Ветвь Мирового Дерева","From confluence or google tables, modify Ru there","Config"
"Resource_GoldenWood_Description","Таит в себе энергию Мирового Дерева, питающего жизнью целую планету. Способна воскресить мёртвого.","From confluence or google tables, modify Ru there","Config"
"Resource_GreenEssence","Изумрудная Эссенция","From confluence or google tables, modify Ru there","Config"
"Resource_GreenEssence_Description","Нападение Ксуров Природы на Землю показало, что не все духи дружелюбны. Но все они несут в себе эссенцию.","From confluence or google tables, modify Ru there","Config"
"Resource_GreenFlower","Полуночный Болотник","From confluence or google tables, modify Ru there","Config"
"Resource_GreenFlower_Description","Своим светом этот цветок загубил не одну жизнь, заводя людей в непроходимые топи.","From confluence or google tables, modify Ru there","Config"
"Resource_GreenGem","Изумруд","From confluence or google tables, modify Ru there","Config"
"Resource_GreenGem_Description","Суеверные люди склонны считать, что изумруд несёт в себе частичку леса. В этих словах есть доля правды. ","From confluence or google tables, modify Ru there","Config"
"Resource_GreenOre","Глубинная Железная Руда","From confluence or google tables, modify Ru there","Config"
"Resource_GreenOre_Description","Принесённая гномами техника добычи глубинной руды позволила создавать изделия невиданной ранее прочности.","From confluence or google tables, modify Ru there","Config"
"Resource_GreenWood","Эльфийский Вяз","From confluence or google tables, modify Ru there","Config"
"Resource_GreenWood_Description","Хотя Первозданный Лес давно погиб, Ксуры Леса всё ещё разносят его семена по всему Междумирью.","From confluence or google tables, modify Ru there","Config"
"Resource_IronSalt","Железная Соль","From confluence or google tables, modify Ru there","Config"
"Resource_IronSalt_Description","Абсорбент и хорошее удобрение для растений. Не принимать внутрь.","From confluence or google tables, modify Ru there","Config"
"Resource_OakRunicPen","Дубовое Руническое Перо","From confluence or google tables, modify Ru there","Config"
"Resource_OakRunicPen_Description","Ведьмы и жрецы издревле применяли руническую магию в своих ритуалах.","From confluence or google tables, modify Ru there","Config"
"Resource_PurpleEssence","Эссенция Стихиалий","From confluence or google tables, modify Ru there","Config"
"Resource_PurpleEssence_Description","Все духи стихий несут в себе одну цель - сотворение. Дух, не сумевший выполнить своё предназначение, сливается с миром.","From confluence or google tables, modify Ru there","Config"
"Resource_PurpleFlower","Роза Стихиалий","From confluence or google tables, modify Ru there","Config"
"Resource_PurpleFlower_Description","Меняющий свои свойства в зависимости от времени года, этот цветок имеет неограниченный потенциал в алхимии.","From confluence or google tables, modify Ru there","Config"
"Resource_PurpleGem","Дивинариум","From confluence or google tables, modify Ru there","Config"
"Resource_PurpleGem_Description","Дивинариум, или Слеза Бога - крайне прочный камень. Его владелец силой мысли способен придать ему любую форму.","From confluence or google tables, modify Ru there","Config"
"Resource_PurpleOre","Метеоритная Руда","From confluence or google tables, modify Ru there","Config"
"Resource_PurpleOre_Description","С момента первого нападения Ксуров Пустоты, все метеориты считаются собственностью Ордена.","From confluence or google tables, modify Ru there","Config"
"Resource_PurpleWood","Железное Дерево","From confluence or google tables, modify Ru there","Config"
"Resource_PurpleWood_Description","Вид подземного дерева, который чудом уцелел после Драконьих Войн. По плотности не уступает металлу.","From confluence or google tables, modify Ru there","Config"
"Resource_QuartzRunicPen","Кварцевое Руническое Перо","From confluence or google tables, modify Ru there","Config"
"Resource_QuartzRunicPen_Description","Классический инструмент нанесения рун, изобретённый Геральтом Шимодой.","From confluence or google tables, modify Ru there","Config"
"Resource_ReaperBrush","Кисть Жнеца","From confluence or google tables, modify Ru there","Config"
"Resource_ReaperBrush_Description","Кисть, отнимающая жизни, стала одной из причин запрета Голубой Берёзы на территории всего Междумирья.","From confluence or google tables, modify Ru there","Config"
"Resource_RedEssence","Живая Эссенция","From confluence or google tables, modify Ru there","Config"
"Resource_RedEssence_Description","Король Мардук IV надеялся обрести бессмертие, добавляя в еду Живую Эссенцию. Был убит на охоте диким вепрем.","From confluence or google tables, modify Ru there","Config"
"Resource_RedFlower","Огненный Цветок","From confluence or google tables, modify Ru there","Config"
"Resource_RedFlower_Description","Говорят, когда приходит время умирать, дух огня находит особое место, вдали от глаз и превращается в роскошный цветок.","From confluence or google tables, modify Ru there","Config"
"Resource_RedGem","Рубин","From confluence or google tables, modify Ru there","Config"
"Resource_RedGem_Description","Великий Алистар как-то пообещал, что сожжёт целый город с помощью одного рубина. Своё обещание он сдержал. Посмертно.","From confluence or google tables, modify Ru there","Config"
"Resource_RedOre","Магматическая Порода","From confluence or google tables, modify Ru there","Config"
"Resource_RedOre_Description","Известный историк Каракас даже не подозревал, что его исследования культуры Ифритов откроют для мира магму.","From confluence or google tables, modify Ru there","Config"
"Resource_RedWood","Красное Дерево","From confluence or google tables, modify Ru there","Config"
"Resource_RedWood_Description","После открытия особых свойств его эфирных масел, красное дерево перестали считать лишь украшением.","From confluence or google tables, modify Ru there","Config"
"Resource_reroll","Застывший Свет","From confluence or google tables, modify Ru there","Config"
"Resource_reroll_Description","Используется в хрономансии для манипуляций со временем.","From confluence or google tables, modify Ru there","Config"
"Resource_RoyalDust","Благородная Пыль","From confluence or google tables, modify Ru there","Config"
"Resource_RoyalDust_Description","Хотя Пыль обладает наркотическим эффектом, Ордену пришлось её легализовать в процессе мобилизации.","From confluence or google tables, modify Ru there","Config"
"Resource_StarDust","Звёздная Пыль","From confluence or google tables, modify Ru there","Config"
"Resource_StarDust_Description","Говорят, когда умирает демиург, где-то во вселенной рождается новая звезда.","From confluence or google tables, modify Ru there","Config"
"Resource_TimeDust","Пыль Времени","From confluence or google tables, modify Ru there","Config"
"Resource_TimeDust_Description","Виктор Немна получил степень Архимага за изобретение Пыли Времени.","From confluence or google tables, modify Ru there","Config"
"Resource_WhiteEssence","Чистая Эссенция","From confluence or google tables, modify Ru there","Config"
"Resource_WhiteEssence_Description","Магическая энергия, питающая жизнью любое живое существо. Очищенная и переработанная.","From confluence or google tables, modify Ru there","Config"
"Resource_WhiteFlower","Белый Лотос","From confluence or google tables, modify Ru there","Config"
"Resource_WhiteFlower_Description","Символ чистоты и благородства. Его масла используются повсеместно на территории всего Междумирья.","From confluence or google tables, modify Ru there","Config"
"Resource_WhiteGem","Кристалл Кварца","From confluence or google tables, modify Ru there","Config"
"Resource_WhiteGem_Description","Кварц уже более тысячи лет является незаменимым ингредиентом как в магическом ремесле, так и в кузнечестве.","From confluence or google tables, modify Ru there","Config"
"Resource_WhiteOre","Железная Руда","From confluence or google tables, modify Ru there","Config"
"Resource_WhiteOre_Description","Прочный металл, легко поддающийся обработке - всё, что нужно кузнецу.","From confluence or google tables, modify Ru there","Config"
"Resource_WhiteWood","Дуб","From confluence or google tables, modify Ru there","Config"
"Resource_WhiteWood_Description","Самый распространённый вид древесины в Междумирье со времён возведения Первого Барьера.","From confluence or google tables, modify Ru there","Config"
"seal_Blue","Ведьмовская Печать","From confluence or google tables, modify Ru there","Config"
"seal_Blue_description","Призывает в бой противников другой фракции. Можно добыть из сундука, в сокровищнице, или получить из шкатулки с печатями. Позволяет добывать голубые ресурсы.","From confluence or google tables, modify Ru there","Config"
"seal_Golden","Печать Чемпиона","From confluence or google tables, modify Ru there","Config"
"seal_Golden_description","Значительно усиливает противников. Можно добыть из сундука, в сокровищнице, или получить из шкатулки с печатями. Позволяет добывать золотые ресурсы.","From confluence or google tables, modify Ru there","Config"
"seal_Green","Печать Роста","From confluence or google tables, modify Ru there","Config"
"seal_Green_description","Удваивает количество противников в бою, но ослабляет их. Можно добыть из сундука, в сокровищнице, или получить из шкатулки с печатями. Позволяет добывать зелёные ресурсы.","From confluence or google tables, modify Ru there","Config"
"seal_Purple","Печать Мглы","From confluence or google tables, modify Ru there","Config"
"seal_Purple_description","В бою рифтер получает постоянный урон, но восстанавливает здоровье при убийстве противников. Можно добыть из сундука, в сокровищнице, или получить из шкатулки с печатями. Позволяет добывать фиолетовые ресурсы.","From confluence or google tables, modify Ru there","Config"
"seal_Red","Печать Спешки","From confluence or google tables, modify Ru there","Config"
"seal_Red_description","Ускоряет противников. Можно добыть из сундука, в сокровищнице, или получить из шкатулки с печатями. Позволяет добывать красные ресурсы.","From confluence or google tables, modify Ru there","Config"
"seal_white","БЕЛАЯ ПЕЧАТЬ","Empty","PrefabAndScene"
"seal_White","Обычная Печать","From confluence or google tables, modify Ru there","Config"
"seal_White_description","Стандартная печать. 
Восстанавливается со временем.
Не меняет тип добываемых ресурсов.","From confluence or google tables, modify Ru there","Config"
"settings_caption","НАСТРОЙКИ","НАСТРОЙКИ","PrefabAndScene"
"settings_confirm_save","ВЫБРАТЬ","ВЫБРАТЬ","PrefabAndScene"
"settings_connect_facebook","Подключить Facebook","Empty","Code"
"settings_connect_gamecenter","Подключить Game Center","Empty","Code"
"settings_connect_google","Подключить Google Play","Empty","Code"
"settings_facebook","Facebook","Empty","Code"
"settings_feedback","Обратная Связь","Обратная Связь","PrefabAndScene"
"settings_gamecenter","GameCenter","Empty","Code"
"settings_googleplay","GooglePlay","Empty","Code"
"settings_lang_caption","ВЫБОР ЯЗЫКА","LANGUAGE SELECT","PrefabAndScene"
"settings_lang_en","ENGLISH","ENGLISH","PrefabAndScene"
"settings_lang_ru","РУССКИЙ","РУССКИЙ","PrefabAndScene"
"settings_music","Музыка","Музыка","PrefabAndScene"
"settings_name","Сменить Имя","Сменить Имя","PrefabAndScene"
"settings_name_helper","От 3 до 16 символов. Допустимые символы: [Aa-Zz], [Аа-Яя], [0-9], '_' и Пробел.","От 3 до 16 сиволов. Допустимые символы: [Aa-Zz], [Аа-Яя], [0-9], '_' и Пробел.","PrefabAndScene"
"settings_new_name_caption","ВВЕДИТЕ ИМЯ","ВВЕДИТЕ ИМЯ","PrefabAndScene"
"settings_saveselect_caption","ВЫБЕРИТЕ СОХРАНЕНИЕ","ВЫБЕРИТЕ СОХРАНЕНИЕ","PrefabAndScene"
"settings_saveselect_desc","На этом аккаунте уже существует игрок. Выберите, какой прогресс хотите привязать к {0}.","Empty","Code"
"settings_social_connected","Подключено","Empty","Code"
"settings_social_failed_to_connect","Не удалось подключиться к {0}","Не удалось подключиться к {0}","Code"
"settings_sound","Звук","Звук","PrefabAndScene"
"settings_unlink_facebook","Отвязать текущий прогресс от Facebook?","Empty","Code"
"settings_unlink_gamecenter","Отвязать текущий прогресс от Game Center?","Empty","Code"
"settings_unlink_google","Отвязать текущий прогресс от Google Play?","Empty","Code"
"shop_best_price","ЛУЧШАЯ ЦЕНА!","BEST
PRICE!","PrefabAndScene"
"shop_best_seller","ПОПУЛЯРНО!","ПОПУЛЯРНО!","PrefabAndScene"
"shop_blueprint_folder","ЧЕРТЕЖИ","From confluence or google tables, modify Ru there","Config"
"shop_blueprint_folder_desc","Папка с Чертежами","From confluence or google tables, modify Ru there","Config"
"shop_gems_crate","ЯЩИК КРИСТАЛЛОВ","From confluence or google tables, modify Ru there","Config"
"shop_gems_crate_desc","7000 Кристаллов","From confluence or google tables, modify Ru there","Config"
"shop_gems_cup","ЧАША КРИСТАЛЛОВ","From confluence or google tables, modify Ru there","Config"
"shop_gems_cup_desc","1200 Кристаллов","From confluence or google tables, modify Ru there","Config"
"shop_gems_handful","ГОРСТЬ КРИСТАЛЛОВ","From confluence or google tables, modify Ru there","Config"
"shop_gems_handful_desc","100 Кристаллов","From confluence or google tables, modify Ru there","Config"
"shop_gems_handful_free","ГОРСТЬ КРИСТАЛЛОВ","From confluence or google tables, modify Ru there","Config"
"shop_gems_handful_free_desc","100 Кристаллов","From confluence or google tables, modify Ru there","Config"
"shop_gems_pot","КОТЕЛ КРИСТАЛЛОВ","From confluence or google tables, modify Ru there","Config"
"shop_gems_pot_desc","2600 Кристаллов","From confluence or google tables, modify Ru there","Config"
"shop_gems_purse","МЕШОЧЕК КРИСТАЛЛОВ","From confluence or google tables, modify Ru there","Config"
"shop_gems_purse_desc","550 Кристаллов","From confluence or google tables, modify Ru there","Config"
"shop_gems_wagon","ТЕЛЕГА КРИСТАЛЛОВ","From confluence or google tables, modify Ru there","Config"
"shop_gems_wagon_desc","15000 Кристаллов","From confluence or google tables, modify Ru there","Config"
"shop_hop","ГОРЯЧЕЕ ПРЕДЛОЖЕНИЕ!","HOT!","PrefabAndScene"
"shop_seal_box","ПЕЧАТИ","From confluence or google tables, modify Ru there","Config"
"shop_seal_box_desc","Шкатулка с Печатями","From confluence or google tables, modify Ru there","Config"
"showing_seal_hint","1. ИГРОКИ ДОЛЖНЫ НАЖАТЬ ПРИСОЕДИНИТЬСЯ К БИТВЕ НА ОСНОВНОМ ЭКРАНЕ
2. ПОКАЖИТЕ ЭТУ ПЕЧАТЬ СВОИМ ДРУЗЬЯМ ЧТОБЫ УСТАНОВИТЬ СВЯЗЬ","Empty","PrefabAndScene"
"t_1_2_custom_description","Уничтожь несколько Разведчиков Металла","Modifiable from crowdin","Code"
"t_1_2_custom_name","Отряд ксуров Металла","Modifiable from crowdin","Code"
"t_1_2_npc_text_1","О Боже! Где же мои манеры? Совсем забыла представиться. Я - Надин. Сержант Ордена.","Modifiable from crowdin","Code"
"t_1_2_npc_text_2","Ой, там впереди группа Разведчиков ксуров Металла. Надо их уничтожить пока они не доложили остальным.","Modifiable from crowdin","Code"
"t_1_2_npc_text_3","Отстреливай разведчикам двигатели, так они станут намного уязвимее!
","Modifiable from crowdin","Code"
"t_1_3_custom_description","Убей Скарабеев!","Modifiable from crowdin","Code"
"t_1_3_custom_name","Стая Скарабеев","Modifiable from crowdin","Code"
"t_1_3_npc_text_1","Ты отлично расправился с теми железяками!","Modifiable from crowdin","Code"
"t_1_3_npc_text_2","Раньше ты тоже был частью Ордена, но после Эксперимента потерял память.","Modifiable from crowdin","Code"
"t_1_3_npc_text_3","Ой, на нас нападают Скарабеи! Главное не стреляй по ним когда они зелёные!","Modifiable from crowdin","Code"
"t_1_5_custom_description","Перебей Скарабеев и Скрытней","Modifiable from crowdin","Code"
"t_1_5_custom_name","Ксуры Леса","Modifiable from crowdin","Code"
"t_1_5_npc_text_1","Надо побыстрее разобраться с Ксурами в этом мире, пока они не поглотили всю Магию.","Modifiable from crowdin","Code"
"t_1_5_npc_text_2","Давай нападём на этих Ксуров Леса!","Modifiable from crowdin","Code"
"t_1_5_npc_text_3","Атакуй скрытней в пасть, когда они её открывают!","Modifiable from crowdin","Code"
"t_1_6_custom_description","Атакуй Перехватчиков в спину","Modifiable from crowdin","Code"
"t_1_6_custom_name","Ксуры Металла","Modifiable from crowdin","Code"
"t_1_6_npc_text_1","Мы уже приближаемся к последнему аванпосту Ксуров!","Modifiable from crowdin","Code"
"t_1_6_npc_text_2","Разведка показала, что здесь тебе придётся столкнуться с Перехватчиками","Modifiable from crowdin","Code"
"t_1_6_npc_text_3","Стреляй им в спину после их атаки.","Modifiable from crowdin","Code"
"t_1_7_custom_description","Уничтожь оставшихся Ксуров","Modifiable from crowdin","Code"
"t_1_7_custom_name","Аванпост","Modifiable from crowdin","Code"
"t_1_7_npc_text_1","А вот и последний аванпост Ксуров в этом мире.","Modifiable from crowdin","Code"
"t_2_2_custom_description","Уничтожай Грибницы","Modifiable from crowdin","Code"
"t_2_2_custom_name","Грибная роща","Modifiable from crowdin","Code"
"t_2_2_npc_text_1","На этом участке обнаружены Грибницы","Modifiable from crowdin","Code"
"t_2_2_npc_text_2","Они лечат других Ксуров и размножаются.","Modifiable from crowdin","Code"
"t_2_2_npc_text_3","Уничтожай их в первую очередь! ","Modifiable from crowdin","Code"
"t_2_4_custom_description","Уничтожь врагов","Modifiable from crowdin","Code"
"t_2_4_custom_name","Ксуры Металла","Modifiable from crowdin","Code"
"t_2_4_npc_text_1","Если Ксурам не помешать, то они полностью поглотят всю магию мира.","Modifiable from crowdin","Code"
"t_2_4_npc_text_2","Именно это произошло с твоим миром!","Modifiable from crowdin","Code"
"t_2_5_custom_description","Победи врагов","Modifiable from crowdin","Code"
"t_2_5_custom_name","Группа Ксуров Леса","Modifiable from crowdin","Code"
"t_2_5_npc_text_1","Обычные обитатели миров не могут видеть Ксуров","Modifiable from crowdin","Code"
"t_2_5_npc_text_2","Однако члены Ордена используют Визоры для этого.","Modifiable from crowdin","Code"
"t_2_5_npc_text_3","Именно такой Визор сейчас у тебя в руках","Modifiable from crowdin","Code"
"t_2_6_custom_description","Победи Ракетных роботов","Modifiable from crowdin","Code"
"t_2_6_custom_name","Ракетный взвод","Modifiable from crowdin","Code"
"t_2_6_npc_text_1","А тут надо быть аккуратнее! Группа Ракетных роботов.","Modifiable from crowdin","Code"
"t_2_6_npc_text_2","Поражай их уязвимые места и уворачивайся от ракет.","Modifiable from crowdin","Code"
"t_2_7_custom_description","Победи врагов","Modifiable from crowdin","Code"
"t_2_7_custom_name","Штаб Ксуров Металла","Modifiable from crowdin","Code"
"t_2_7_npc_text_1","А вот и главный отряд Ксуров в этом мире","Modifiable from crowdin","Code"
"t_2_7_npc_text_2","Давай разберём эти железяки на запчасти!","Modifiable from crowdin","Code"
"t_3_1_custom_description","Победи Големов","Modifiable from crowdin","Code"
"t_3_1_custom_name","Цитадель Леса","Modifiable from crowdin","Code"
"t_3_1_npc_text_1","А вот и следующий мир! Впереди отряд Големов Леса.","Modifiable from crowdin","Code"
"t_3_1_npc_text_2","Не поражай одно и то же место повторно, иначе они лечатся!","Modifiable from crowdin","Code"
"t_3_2_custom_description","Победи врагов","Modifiable from crowdin","Code"
"t_3_2_custom_name","Ксуры Леса","Modifiable from crowdin","Code"
"t_3_2_npc_text_1","Опять Големы! Надеюсь, ты научился с ними сражаться?","Modifiable from crowdin","Code"
"t_3_2_npc_text_2","Кстати, не забывай ковать новую экипировку!","Modifiable from crowdin","Code"
"t_3_3_custom_description","Победи Пауков","Modifiable from crowdin","Code"
"t_3_3_custom_name","Паук Металла","Modifiable from crowdin","Code"
"t_3_3_npc_text_1","Тревога! Замечен большой Ксур! Это Паук Металла! ","Modifiable from crowdin","Code"
"t_3_3_npc_text_2","Отстреливай ему конечности и уворачивайся от лазеров!","Modifiable from crowdin","Code"
"t_3_4_custom_description","Победи врагов","Modifiable from crowdin","Code"
"t_3_4_custom_name","Группа Ксуров","Modifiable from crowdin","Code"
"t_3_4_npc_text_1","Здорово ты расправился с той железякой!","Modifiable from crowdin","Code"
"t_3_4_npc_text_2","Теперь давай закрепим выученное","Modifiable from crowdin","Code"
"t_3_6_custom_description","Победи Рой","Modifiable from crowdin","Code"
"t_3_6_custom_name","Рой","Modifiable from crowdin","Code"
"t_3_6_npc_text_1","А это что за жужжание?","Modifiable from crowdin","Code"
"t_3_6_npc_text_2","Рой Леса! Самые противные Ксуры! Ненавижу!","Modifiable from crowdin","Code"
"t_3_6_npc_text_3","Поражай светящихся комаров, они взрываются!","Modifiable from crowdin","Code"
"t_3_7_custom_description","Победи врагов","Modifiable from crowdin","Code"
"t_3_7_custom_name","Цитадель Ксуров","Modifiable from crowdin","Code"
"t_3_7_npc_text_1","Ты быстро вспоминаешь всё!","Modifiable from crowdin","Code"
"t_3_7_npc_text_2","Скоро я буду больше тебе не нужна","Modifiable from crowdin","Code"
"t_4_1_custom_description","Победи врагов","Modifiable from crowdin","Code"
"t_4_1_custom_name","Ксуры Леса","Modifiable from crowdin","Code"
"t_4_1_npc_text_1","Куратор сообщил что впечатлен твоими успехами","Modifiable from crowdin","Code"
"t_4_1_npc_text_2","Это будет последний мир, в котором я тебе помогаю","Modifiable from crowdin","Code"
"t_4_2_custom_description","Победи врагов","Modifiable from crowdin","Code"
"t_4_2_custom_name","Ксуры Металла","Modifiable from crowdin","Code"
"t_4_2_npc_text_1","Ты стал значительно сильнее!","Modifiable from crowdin","Code"
"t_4_2_npc_text_2","Расправься с этими жестянками!","Modifiable from crowdin","Code"
"t_4_3_custom_description","Отбей атаку","Modifiable from crowdin","Code"
"t_4_3_custom_name","Ударный отряд","Modifiable from crowdin","Code"
"t_4_3_npc_text_1","Впереди ударный отряд Металла","Modifiable from crowdin","Code"
"t_4_3_npc_text_2","Во главе Паук, будь аккуратнее!","Modifiable from crowdin","Code"
"t_4_5_custom_description","Победи Ведьму","Modifiable from crowdin","Code"
"t_4_5_custom_name","Ведьма Леса","Modifiable from crowdin","Code"
"t_4_5_npc_text_1","Тревога! Мои радары засекли Ведьму!","Modifiable from crowdin","Code"
"t_4_5_npc_text_2","Это самый могущественный Ксур Леса","Modifiable from crowdin","Code"
"t_4_5_npc_text_3","Атакуй её нарост когда он желтый и уворачивайся от призраков!","Modifiable from crowdin","Code"
"t_4_6_custom_description","Победи врагов","Modifiable from crowdin","Code"
"t_4_6_custom_name","Ксуры Металла","Modifiable from crowdin","Code"
"t_4_6_npc_text_1","Наш путь подходит к концу...","Modifiable from crowdin","Code"
"t_4_6_npc_text_2","Я уже начинаю скучать по тебе","Modifiable from crowdin","Code"
"t_4_7_custom_description","Победи врагов","Modifiable from crowdin","Code"
"t_4_7_custom_name","Группа Леса","Modifiable from crowdin","Code"
"t_4_7_npc_text_1","Вот и наш последний бой","Modifiable from crowdin","Code"
"t_4_7_npc_text_2","Давай встретимся в кофейне Ордена как нибудь?","Modifiable from crowdin","Code"
"t_4_7_npc_text_3","Эм... Извини, я имела виду, победи этих Ксуров!","Modifiable from crowdin","Code"
"ThunderBoltAbility_Description","Наносит урон электричеством, оглушает противника и помечает его. Помеченный противник испускает разряды, которые наносят урон окружающим врагам.","From confluence or google tables, modify Ru there","Config"
"ThunderBoltAbility_Details","/Необходимое оружие: Арбалет
Урон: {electr}%
Длительность оглушения: {stun}
/Время действия метки: {second}
Урон разрядов: {electr}%
/Количество разрядов в секунду: {var}
/Радиус действия разрядов: {distance}
$energetic
/Тип заклинания: усиление","From confluence or google tables, modify Ru there","Config"
"ThunderBoltAbility_Name","Электрический Болт","From confluence or google tables, modify Ru there","Config"
"tournament_attack_caption","В Бой!","Empty","PrefabAndScene"
"tournament_battle_cooldown_description","Бой пока недоступен.","Empty","PrefabAndScene"
"tournament_claim_caption","Награда","Empty","PrefabAndScene"
"tournament_description","Побеждай в Турнире чтобы заработать много опыта и ценные призы.","Empty","PrefabAndScene"
"tournament_duration","Окончание","Empty","PrefabAndScene"
"tournament_is_ended","Турнир окончен.","Empty","PrefabAndScene"
"tournament_next_attack_in","Следующий через:","Empty","PrefabAndScene"
"tournament_player_name","Имя","Empty","PrefabAndScene"
"tournament_reward","Награда","Empty","PrefabAndScene"
"tournament_round","Раунд","Empty","PrefabAndScene"
"tournament_score","Очки","Empty","PrefabAndScene"
"tournament_title","Турнир","Empty","PrefabAndScene"
"tournament_tries_description","Очки за все попытки","Empty","PrefabAndScene"
"tournament_you","  (Вы)","Empty","Code"
"tournament_your_score","Ваши очки:","Empty","PrefabAndScene"
"tutor_craft_choose_dice","Выбери призмы","Empty","Code"
"tutor_craft_intro","Давай выкуем новое оружие!","Empty","Code"
"tutor_craft_select_weapon","Выбери, какое оружие будем создавать!","Empty","Code"
"tutor_craft_thats_better","Совсем другое дело! Примерь новое оружие!","Empty","Code"
"tutor_craft_throw_dice","Испытай удачу!","Empty","Code"
"tutor_craft_try_again","Давай попробуем кинуть кубик еще раз!","Empty","Code"
"tutor_go_next_battle","Пройди в следующий бой!","Empty","Code"
"tutor_map_final1","Поток магической энергии указывает, что здесь находятся редкие ресурсы, которые можно найти только в мире Ксуров!","Empty","Code"
"tutor_map_final2","Пробейся через их логова и посмотрим, что они прячут!","Empty","Code"
"tutor_shop_collect_crystals","Собери кристаллы","Empty","Code"
"tutor_shop_intro","Давай возьмём немного кристаллов!","Empty","Code"
"tutorial_battle_1_npc_text_1","А вот и ты! Мы так долго тебя ждали!","Modifiable from crowdin","Code"
"tutorial_battle_1_npc_text_2","Держи револьвер. Сейчас сюда прибудет целая свора Ксуров!","Modifiable from crowdin","Code"
"tutorial_battle_1_npc_text_3","Это Скарабей Леса! Уничтожь его, пока он не вызвал подкрепление!","Modifiable from crowdin","Code"
"tutorial_battle_1_npc_text_4","Ты что, забыл все техники, которым тебя учили? А ну убей этого Скарабея залпом!","Modifiable from crowdin","Code"
"tutorial_battle_1_npc_text_5","А это ксуры Металла! Стреляй им по уязвимым точкам!","Modifiable from crowdin","Code"
"tutorial_battle_1_npc_text_6","Перемещайся в реальном пространстве чтобы уходить от атак.","Modifiable from crowdin","Code"
"tutorial_battle_1_top_text_1"," ","Modifiable from crowdin","Code"
"tutorial_battle_1_top_text_2","Нажми на экран, чтобы выстрелить! 
{0}/3","Modifiable from crowdin","Code"
"tutorial_battle_1_top_text_3","Убей 3 жуков! 
{0}/3","Modifiable from crowdin","Code"
"tutorial_battle_1_top_text_4","Убей Ксура способностью!","Modifiable from crowdin","Code"
"tutorial_battle_1_top_text_5","Убей 3 роботов! 
{0}/3","Modifiable from crowdin","Code"
"tutorial_battle_1_top_text_6","Увернись 3 раза! 
{0}/3","Modifiable from crowdin","Code"
"tutorial_combat_weakpoint","Уязвимое место","Уязвимое место","PrefabAndScene"
"tutorial_seal_1","Давай научимся использовать Цветные Печати.  Возьми одну из этого сундука!","Modifiable from crowdin","Code"
"tutorial_seal_2","Выбери красную печать. С ней ты будешь добывать красные ресурсы.","Modifiable from crowdin","Code"
"tutorial_seal_3","Пойди в бой с выбранной печатью","Modifiable from crowdin","Code"
"ui_buy_white_seals_crystals","Купить {0} за {1} кристаллов?","Empty","Code"
"ui_claim","ПОЛУЧИТЬ","ПОЛУЧИТЬ","PrefabAndScene"
"ui_craft_available_mods","Доступные Модификаторы","Empty","PrefabAndScene"
"ui_craft_enter_craft_button_desc","Создание Экипировки","Empty","PrefabAndScene"
"ui_craft_enter_craft_button_name","СОЗДАТЬ","Empty","PrefabAndScene"
"ui_craft_enter_resources_button_name","СКЛАД","Empty","PrefabAndScene"
"ui_craft_enter_resources_desc","Ресурсы и Чертежи","Empty","PrefabAndScene"
"ui_craft_enter_upgrade_button_name","УЛУЧШИТЬ","Empty","PrefabAndScene"
"ui_craft_enter_upgrade_desc","Улучшение Экипировки","Empty","PrefabAndScene"
"ui_craft_finish_equip_button_name","Надеть","Empty","PrefabAndScene"
"ui_craft_finish_reroll_button","Перебросить","Empty","Code"
"ui_craft_mod_not_available_description","Будет доступен на <color=#F7BE0F>{0}</color> уровне","description on craft locked by level mod","Code"
"ui_craft_mod_not_available_title","Модификатор недоступен","title on craft locked mod","Code"
"ui_craft_mod_random_description","Выбор случайного модификатора из списка доступных","Empty","Code"
"ui_craft_mod_random_title","Случайный модификатор","title on craft random mod","Code"
"ui_crystal_tooltip_description","Можно обменивать на ресурсы. Позволяют перебрасывать призмы при сборке","Empty","Code"
"ui_crystal_tooltip_name","Кристаллы","Empty","Code"
"ui_download_bundles_error_window_button","Попробовать еще раз","Попробовать еще раз","PrefabAndScene"
"ui_download_bundles_error_window_text","Произошла ошибка при загрузке игровых ресурсов, попробовать снова?","Empty","PrefabAndScene"
"ui_equipment_coming_soon","(СКОРО)","(COMING SOON)","Code"
"ui_equipment_will_be_unlocked_on_level","Будет доступно на <color=#F7BE0F>{0}</color> уровне","Empty","Code"
"ui_gold_tooltip_description","Добывается в сундуках на карте, необходимо для создания предметов","Empty","Code"
"ui_gold_tooltip_name","Золото","Empty","Code"
"ui_inventory_ability_buy_confirmation","Хотите разблокировать способность {0}?","Empty","Code"
"ui_inventory_ability_scroll_crossbow_group_name","Способности тяжелого арбалета","Empty","Code"
"ui_inventory_ability_scroll_group_name","Ультимативные cпособности","Empty","Code"
"ui_inventory_ability_scroll_revolver_group_name","Способности револьвера","Empty","Code"
"ui_inventory_confirm_disenchant_window_recieve_res","Предмет будет УНИЧТОЖЕН и вы получите следующие ресурсы:","Empty","PrefabAndScene"
"ui_inventory_confirm_disenchant_window_text","Вы уверены, что хотите разобрать предмет?","Empty","PrefabAndScene"
"ui_inventory_confirm_disenchant_window_title","Подтвердить разборку","Empty","PrefabAndScene"
"ui_inventory_equip_button","Надеть","Empty","PrefabAndScene"
"ui_level_up_title","Уровень","Empty","PrefabAndScene"
"ui_levelup_abilities_all_known","Вы уже изучили все способности в игре!","Empty","PrefabAndScene"
"ui_levelup_ability_choose_text","Выберите новое заклинание:","Choose your new spell:","PrefabAndScene"
"ui_levelup_ability_next_time_text","На следующем уровне вы получите новую способность","Empty","PrefabAndScene"
"ui_levelup_button_accept","ПРИНЯТЬ","Empty","PrefabAndScene"
"ui_levelup_description_base_cube_power_change","Сила призм: {0} -> {1}","Empty","Code"
"ui_levelup_description_base_power_change","Сила новой экипировки: {0} -> {1}","Empty","Code"
"ui_levelup_description_better_equipment","Вы стали сильнее:","Empty","Code"
"ui_not_enough_crystals","У вас не хватает кристаллов!","Empty","Code"
"ui_panic_window_reload_button","Перезагрузка","Empty","PrefabAndScene"
"ui_panic_window_text","Неизвестная ошибка. Пожалуйста, перезагрузите игру.","Empty","PrefabAndScene"
"ui_panic_window_user_absent_text","Вы отсутствовали слишком долго, пожалуйста перезагрузите игру","Empty","Code"
"ui_player_max_level_bar_suffix"," (MAX)","Empty","Code"
"ui_playmode_events_button_name","События","Empty","PrefabAndScene"
"ui_playmode_events_desc","Глобальные события
(Скоро!)","Empty","PrefabAndScene"
"ui_playmode_map_button_name","Бои","Empty","PrefabAndScene"
"ui_playmode_map_desc","Побеждай Ксуров","Empty","PrefabAndScene"
"ui_playmode_tournament_button_name","Турнир","Empty","PrefabAndScene"
"ui_playmode_tournament_desc","Соревнуйся с другими игроками","Empty","PrefabAndScene"
"ui_please_wait","ПОДОЖДИТЕ ПОЖАЛУЙСТА...","ПОДОЖДИТЕ ПОЖАЛУЙСТА...","PrefabAndScene"
"ui_res_screen_group_compound","Составные ресурсы","Empty","Code"
"ui_res_screen_group_simple","Простые ресурсы","Empty","Code"
"ui_res_screen_group_special","Особые ресурсы","Empty","Code"
"ui_resource_collection_craft_compound_res_button","Создать","Empty","PrefabAndScene"
"ui_scrap_tooltip_description","Добывается в боях, необходимы для создания предметов","Empty","Code"
"ui_scrap_tooltip_name","Материалы","Empty","Code"
"ui_shop_bonus","бонус","Empty","Code"
"ui_shop_crystals_plural","кристаллов","Empty","Code"
"ui_shop_free_title","Бесплатно","Empty","Code"
"ui_shop_resources_recieved_header","РЕСУРСЫ","РЕСУРСЫ","PrefabAndScene"
"ui_top_panel_exp_tooltip_title","Опыт","Empty","Code"
"ui_top_panel_white_seal_desc","Необходимы, чтобы отправится в рифт
Следующая печать будет доступна через {0} секунд","Empty","Code"
"ui_top_panel_white_seal_name","Белые печати","Empty","Code"
"UPDATE_AVAILABLE","Невероятно! Разработчики выпустили новое обновление!","woohoo! devs rolled out cool update","PrefabAndScene"
"UPDATE_BUTTON_CAPTION","ОБНОВИТЬ","UPDATE","PrefabAndScene"
"victory","ПОБЕДА","VICTORY","PrefabAndScene"
"video_ad_countdown","{0} ч. {1} м.","Empty","Code"
"waistconfig_description","Удобный аксессуар для ношения вашего снаряжения.","From confluence or google tables, modify Ru there","Config"
"waistconfig_group_name","Пояса","From confluence or google tables, modify Ru there","Config"
"waistconfig_name","Пояс","From confluence or google tables, modify Ru there","Config"
"walking_around_collect_items","Собрать все","Empty","PrefabAndScene"
"walking_around_progress_caption","Соберите сферы! {0} из {1}","Empty","Code"
"walking_around_start_pos","Встаньте на стартовую позицию","Empty","PrefabAndScene"
"Weapon_Crossbow_description","Медленное, но убойное оружие для тех, кто уверен в своей меткости.","From confluence or google tables, modify Ru there","Config"
"Weapon_Crossbow_group_name","Арбалеты","From confluence or google tables, modify Ru there","Config"
"Weapon_Crossbow_Modificator_CrossbowModBasedOnHp_Description","+{var} урона по противникам, у которых более {var}% очков здоровья.","From confluence or google tables, modify Ru there","Config"
"Weapon_Crossbow_Modificator_CrossbowModBasedOnHp_Name","Открывающий Наконечник","From confluence or google tables, modify Ru there","Config"
"Weapon_Crossbow_Modificator_CrossbowModBasedOnHp_Rune_1","Дополнительный урон увеличен до +{var}","From confluence or google tables, modify Ru there","Config"
"Weapon_Crossbow_Modificator_CrossbowModBasedOnHp_Rune_2","Если выстрел отнял у противника не менее {var}% от максимального количества здоровья, то он автоматически умирает.","From confluence or google tables, modify Ru there","Config"
"Weapon_Crossbow_Modificator_CrossbowModBasedOnHp_Rune_3","Дополнительный урон увеличен до +{var} но способность теперь срабатывает только когда у противника менее {var}% очков здоровья.","From confluence or google tables, modify Ru there","Config"
"Weapon_Crossbow_Modificator_EchoBolts_Description","Все обычные болты при попадании выпускают в ближайшего противника эхо болт в радиусе {distance}, который наносит {phys}","From confluence or google tables, modify Ru there","Config"
"Weapon_Crossbow_Modificator_EchoBolts_Name","Эхо Болты","From confluence or google tables, modify Ru there","Config"
"Weapon_Crossbow_Modificator_EchoBolts_Rune_1","Урон увеличен до {var}","From confluence or google tables, modify Ru there","Config"
"Weapon_Crossbow_Modificator_EchoBolts_Rune_2","Количество эхо болтов увеличено с {count} до {count}.","From confluence or google tables, modify Ru there","Config"
"Weapon_Crossbow_Modificator_EchoBolts_Rune_3","Особые болты теперь тоже создают эхо болты.

Эхо болты особого болта наследует все его эффекты.","From confluence or google tables, modify Ru there","Config"
"Weapon_Crossbow_Modificator_ExplosiveOil_Description","Каждый третий обычный болт наносит дополнительно +{fire} в радиусе {distance}","From confluence or google tables, modify Ru there","Config"
"Weapon_Crossbow_Modificator_ExplosiveOil_Name","Взрывное Масло","From confluence or google tables, modify Ru there","Config"
"Weapon_Crossbow_Modificator_ExplosiveOil_Rune_1","Дополнительный урон увеличен до +{fire}","From confluence or google tables, modify Ru there","Config"
"Weapon_Crossbow_Modificator_ExplosiveOil_Rune_2","Болт с маслом также нагревает первичную цель на {hot}","From confluence or google tables, modify Ru there","Config"
"Weapon_Crossbow_Modificator_ExplosiveOil_Rune_3","Пока болт со взрывным маслом торчит в противнике, повторное попадание из арбалета в ту же точку провоцирует взрыв. ","From confluence or google tables, modify Ru there","Config"
"Weapon_Crossbow_Modificator_GhostBolts_Description","Арбалет выпускает еще два призрачных снаряда по бокам от основного. Призрачные болты наносят {phys} урона.","From confluence or google tables, modify Ru there","Config"
"Weapon_Crossbow_Modificator_GhostBolts_Name","Призрачные Болты","From confluence or google tables, modify Ru there","Config"
"Weapon_Crossbow_Modificator_GhostBolts_Rune_1","Урон увеличен до {phys}.","From confluence or google tables, modify Ru there","Config"
"Weapon_Crossbow_Modificator_GhostBolts_Rune_2","Количество дополнительных болтов увеличивается с {ammo} до {ammo}.","From confluence or google tables, modify Ru there","Config"
"Weapon_Crossbow_Modificator_GhostBolts_Rune_3","Теперь способность также дублирует особые болты.","From confluence or google tables, modify Ru there","Config"
"Weapon_Crossbow_Modificator_MechanicalCloser_Description","Теперь при зажатии спускового крючка арбалет ещё {second} может дополнительно взводиться, усиливая урон болта до +{var}
(Оружие с этой способностью начинает стрелять при отпускании пальца, вместо нажатия).","From confluence or google tables, modify Ru there","Config"
"Weapon_Crossbow_Modificator_MechanicalCloser_Name","Механический Доводчик","From confluence or google tables, modify Ru there","Config"
"Weapon_Crossbow_Modificator_MechanicalCloser_Rune_1","Дополнительный урон увеличен до +{var}","From confluence or google tables, modify Ru there","Config"
"Weapon_Crossbow_Modificator_MechanicalCloser_Rune_2","Максимальное время зарядки увеличено до {second}, а дополнительный урон до +{var}","From confluence or google tables, modify Ru there","Config"
"Weapon_Crossbow_Modificator_MechanicalCloser_Rune_3","Полностью заряженный болт теперь также наносит {var}% от урона, нанесённого основной цели всем противникам в радиусе {distance}.","From confluence or google tables, modify Ru there","Config"
"Weapon_Crossbow_Modificator_MirageSlot_Description","Каждый третий болт заряжается быстрее, наносит {phys} и повторяет все свойства предыдущего болта.","From confluence or google tables, modify Ru there","Config"
"Weapon_Crossbow_Modificator_MirageSlot_Name","Миражный Паз","From confluence or google tables, modify Ru there","Config"
"Weapon_Crossbow_Modificator_MirageSlot_Rune_1","Урон увеличен до {phys}","From confluence or google tables, modify Ru there","Config"
"Weapon_Crossbow_Modificator_MirageSlot_Rune_2","Миражный болт получает свойство $piercing, но больше не встревает в цель.","From confluence or google tables, modify Ru there","Config"
"Weapon_Crossbow_Modificator_MirageSlot_Rune_3","Для миражного болта дополнительный урон от других модификаторов удвоен.","From confluence or google tables, modify Ru there","Config"
"Weapon_Crossbow_Modificator_NewellsStabilizer_Description","Если во время перезарядки рифтер не двигался, то урон следующего болта будет увеличен на +{var}","From confluence or google tables, modify Ru there","Config"
"Weapon_Crossbow_Modificator_NewellsStabilizer_Name","Стабилизатор Ньюэлла","From confluence or google tables, modify Ru there","Config"
"Weapon_Crossbow_Modificator_NewellsStabilizer_Rune_1","Дополнительный урон увеличен до +{var}","From confluence or google tables, modify Ru there","Config"
"Weapon_Crossbow_Modificator_NewellsStabilizer_Rune_2","Во время зарядки способности входящий урон уменьшен на {var}%.","From confluence or google tables, modify Ru there","Config"
"Weapon_Crossbow_Modificator_NewellsStabilizer_Rune_3","После выстрела усиленным снарядом, скорость перезарядки следующего выстрела увеличена на {var}%.","From confluence or google tables, modify Ru there","Config"
"Weapon_Crossbow_Modificator_ResonatingPole_Description","Если болт попадает в место, где уже торчит другой болт, то урон увеличивается на +{var}","From confluence or google tables, modify Ru there","Config"
"Weapon_Crossbow_Modificator_ResonatingPole_Name","Резонирующее Древко ","From confluence or google tables, modify Ru there","Config"
"Weapon_Crossbow_Modificator_ResonatingPole_Rune_1","Дополнительный урон увеличен до +{var}","From confluence or google tables, modify Ru there","Config"
"Weapon_Crossbow_Modificator_ResonatingPole_Rune_2","Дополнительный урон от нескольких торчащих в цели болтов складывается. ","From confluence or google tables, modify Ru there","Config"
"Weapon_Crossbow_Modificator_ResonatingPole_Rune_3","Когда болт попадает в место где уже торчат другие болты, длительность существования тех болтов продлевается на {second}.","From confluence or google tables, modify Ru there","Config"
"Weapon_Crossbow_name","Арбалет","From confluence or google tables, modify Ru there","Config"
"Weapon_Crossbow_parameter_0","Урон","From confluence or google tables, modify Ru there","Config"
"Weapon_Crossbow_parameter_1","Урон по уязвимым точкам","From confluence or google tables, modify Ru there","Config"
"Weapon_Revolver_description","Стандартное оружие рифтера. Простое и эффективное.","From confluence or google tables, modify Ru there","Config"
"Weapon_Revolver_group_name","Револьверы","From confluence or google tables, modify Ru there","Config"
"Weapon_Revolver_Modificator_CollimatingScope_Description","{var}% нанести дополнительно +{var} урона и сохранить патрон в барабане.","From confluence or google tables, modify Ru there","Config"
"Weapon_Revolver_Modificator_CollimatingScope_Name","Коллиматорный Прицел","From confluence or google tables, modify Ru there","Config"
"Weapon_Revolver_Modificator_CollimatingScope_Rune_1","{var}% шанс нанести критический урон противнику. ","From confluence or google tables, modify Ru there","Config"
"Weapon_Revolver_Modificator_CollimatingScope_Rune_2","Критический выстрел генерирует на {var}% больше $charge.","From confluence or google tables, modify Ru there","Config"
"Weapon_Revolver_Modificator_CollimatingScope_Rune_3","Шанс нанести критический урон увеличивается до {var}%, но способность срабатывает только при стрельбе особыми патронами.","From confluence or google tables, modify Ru there","Config"
"Weapon_Revolver_Modificator_EnergyBeacon_Description","После попадания по уязвимой точке, урон увеличивается на +{var} на {second}
Максимум {var} зарядов эффекта.","From confluence or google tables, modify Ru there","Config"
"Weapon_Revolver_Modificator_EnergyBeacon_Name","Энергетический Боёк","From confluence or google tables, modify Ru there","Config"
"Weapon_Revolver_Modificator_EnergyBeacon_Rune_1","Дополнительный урон увеличен до +{var}","From confluence or google tables, modify Ru there","Config"
"Weapon_Revolver_Modificator_EnergyBeacon_Rune_2","Максимальное количество стаков и длительность бонуса удвоены.","From confluence or google tables, modify Ru there","Config"
"Weapon_Revolver_Modificator_EnergyBeacon_Rune_3","Если противник был убит выстрелом в уязвимую точку, то бонус сохраняется при выстреле в уязвимую точку другого противника.","From confluence or google tables, modify Ru there","Config"
"Weapon_Revolver_Modificator_FireBullet_Description","В каждой обойме заменяет один обычный патрон на огненный.
При попадании по противнику, пуля наносит дополнительно +{fire} урона и взрывается, нагревая всех врагов в радиусе {distance} на {hot}","From confluence or google tables, modify Ru there","Config"
"Weapon_Revolver_Modificator_FireBullet_Name","Огненный Патрон","From confluence or google tables, modify Ru there","Config"
"Weapon_Revolver_Modificator_FireBullet_Rune_1","{var}% шанс сохранить особый патрон при выстреле.","From confluence or google tables, modify Ru there","Config"
"Weapon_Revolver_Modificator_FireBullet_Rune_2","При попадании в уязвимую точку, первая цель дополнительно нагревается на +{hot}","From confluence or google tables, modify Ru there","Config"
"Weapon_Revolver_Modificator_FireBullet_Rune_3","Взрыв больше не нагревает врагов, а наносит {fire} урона.
","From confluence or google tables, modify Ru there","Config"
"Weapon_Revolver_Modificator_IceBullet_Description","В каждой обойме заменяет один обычный патрон на ледяной.
При попадании, пуля наносит дополнительно +{ice} и охлаждает противника на {cold}","From confluence or google tables, modify Ru there","Config"
"Weapon_Revolver_Modificator_IceBullet_Name","Ледяной Патрон","From confluence or google tables, modify Ru there","Config"
"Weapon_Revolver_Modificator_IceBullet_Rune_1","{var}% шанс сохранить особый патрон при выстреле.","From confluence or google tables, modify Ru there","Config"
"Weapon_Revolver_Modificator_IceBullet_Rune_2","При попадании в уязвимую точку, ледяная пуля прошивает противника насквозь.","From confluence or google tables, modify Ru there","Config"
"Weapon_Revolver_Modificator_IceBullet_Rune_3","При попадании по нагретому противнику, пуля наносит двойной урон от перепада температур.","From confluence or google tables, modify Ru there","Config"
"Weapon_Revolver_Modificator_LaserScope_Description","+{var} к урону по уязвимым точкам.","From confluence or google tables, modify Ru there","Config"
"Weapon_Revolver_Modificator_LaserScope_Name","Лазерный Целеуказатель","From confluence or google tables, modify Ru there","Config"
"Weapon_Revolver_Modificator_LaserScope_Rune_1","Дополнительный урон увеличен до +{var}","From confluence or google tables, modify Ru there","Config"
"Weapon_Revolver_Modificator_LaserScope_Rune_2","Выстрелы по уязвимым точкам противника генерируют на {var}% больше $charge.","From confluence or google tables, modify Ru there","Config"
"Weapon_Revolver_Modificator_LaserScope_Rune_3","Дополнительный урон увеличивается до +{var} но срабатывает только при стрельбе особыми патронами.","From confluence or google tables, modify Ru there","Config"
"Weapon_Revolver_Modificator_MagicBattery_Description","После использования ультимативной способности, урон увеличивается на +{var} Длительность эффекта зависит от ультимативной способности. [Секунда за каждые {charge}]","From confluence or google tables, modify Ru there","Config"
"Weapon_Revolver_Modificator_MagicBattery_Name","Магическая Батарея","From confluence or google tables, modify Ru there","Config"
"Weapon_Revolver_Modificator_MagicBattery_Rune_1","+{var}% длительности усиления.","From confluence or google tables, modify Ru there","Config"
"Weapon_Revolver_Modificator_MagicBattery_Rune_2","Для особых патронов бонус к урону увеличен до +{var}","From confluence or google tables, modify Ru there","Config"
"Weapon_Revolver_Modificator_MagicBattery_Rune_3","Дополнительный урон увеличивается до +{var} но срабатывает только при попадании по уязвимым точкам противника.","From confluence or google tables, modify Ru there","Config"
"Weapon_Revolver_Modificator_PiercingBullet_Description","В каждой обойме заменяет один обычный патрон на $piercing.
Пробивающий патрон наносит дополнительно +{phys} урона и пробивает все цели на своем пути.","From confluence or google tables, modify Ru there","Config"
"Weapon_Revolver_Modificator_PiercingBullet_Name","Пробивающий Патрон","From confluence or google tables, modify Ru there","Config"
"Weapon_Revolver_Modificator_PiercingBullet_Rune_1","{var}% шанс сохранить особый патрон при выстреле.","From confluence or google tables, modify Ru there","Config"
"Weapon_Revolver_Modificator_PiercingBullet_Rune_2","Все пораженные после первой цели противники получают двойной урон.","From confluence or google tables, modify Ru there","Config"
"Weapon_Revolver_Modificator_PiercingBullet_Rune_3","Дополнительный урон от выстрела снижен до +{phys}. Патрон теряет способность к пробиванию. Теперь при попадании пуля рикошетит в {count} ближайших противников.","From confluence or google tables, modify Ru there","Config"
"Weapon_Revolver_Modificator_ThunderBullet_Description","В каждой обойме заменяет один обычный патрон на электрический.
Выпущенная пуля наносит дополнительно +{electr} урона первой цели и еще одному врагу поблизости.","From confluence or google tables, modify Ru there","Config"
"Weapon_Revolver_Modificator_ThunderBullet_Name","Электрический Патрон","From confluence or google tables, modify Ru there","Config"
"Weapon_Revolver_Modificator_ThunderBullet_Rune_1","{var}% шанс сохранить особый патрон при выстреле.","From confluence or google tables, modify Ru there","Config"
"Weapon_Revolver_Modificator_ThunderBullet_Rune_2","Количество дополнительных целей увеличивается с {count} до {count}.","From confluence or google tables, modify Ru there","Config"
"Weapon_Revolver_Modificator_ThunderBullet_Rune_3","Урон по первой цели увеличивается в 2 раза и снаряд получает свойство $energetic.","From confluence or google tables, modify Ru there","Config"
"Weapon_Revolver_name","Револьвер","From confluence or google tables, modify Ru there","Config"
"Weapon_Revolver_parameter_0","Урон","From confluence or google tables, modify Ru there","Config"
"Weapon_Revolver_parameter_1","Урон по уязвимым точкам","From confluence or google tables, modify Ru there","Config"
